run_id,experiment,strategy,label,isolation_level,mode,concurrency,accounts,max_streams,race_delay_ms,granted,rejected,retries,deadlocks,lock_timeouts,errors,violations,p50_ms,p95_ms,throughput_rps,wall_ms,batch_id,trial
2667,STREAM_LIMIT,NAIVE,NAIVE,AUTOCOMMIT,NORMAL,2,1,1,0,2,0,0,0,0,0,1,9.34,9.62,204.99,9.76,52871cd8-c451-4417-b658-135e85f7adb5,1
2668,STREAM_LIMIT,NAIVE,NAIVE,AUTOCOMMIT,NORMAL,2,1,1,0,2,0,0,0,0,0,1,2.79,3.24,610.3,3.28,52871cd8-c451-4417-b658-135e85f7adb5,2
2669,STREAM_LIMIT,NAIVE,NAIVE,AUTOCOMMIT,NORMAL,2,1,1,0,2,0,0,0,0,0,1,3.2,3.93,508.17,3.94,52871cd8-c451-4417-b658-135e85f7adb5,3
2670,STREAM_LIMIT,NAIVE,NAIVE,AUTOCOMMIT,NORMAL,2,1,1,0,2,0,0,0,0,0,1,3.24,3.69,536.31,3.73,52871cd8-c451-4417-b658-135e85f7adb5,4
2671,STREAM_LIMIT,NAIVE,NAIVE,AUTOCOMMIT,NORMAL,2,1,1,0,2,0,0,0,0,0,1,3.24,3.67,541.47,3.69,52871cd8-c451-4417-b658-135e85f7adb5,5
2672,STREAM_LIMIT,NAIVE,NAIVE,AUTOCOMMIT,NORMAL,2,1,1,0,2,0,0,0,0,0,1,2.96,3.54,564.91,3.54,52871cd8-c451-4417-b658-135e85f7adb5,6
2673,STREAM_LIMIT,NAIVE,NAIVE,AUTOCOMMIT,NORMAL,2,1,1,0,2,0,0,0,0,0,1,3.26,3.63,547.48,3.65,52871cd8-c451-4417-b658-135e85f7adb5,7
2674,STREAM_LIMIT,NAIVE,NAIVE,AUTOCOMMIT,NORMAL,2,1,1,0,2,0,0,0,0,0,1,4.23,4.68,426.57,4.69,52871cd8-c451-4417-b658-135e85f7adb5,8
2675,STREAM_LIMIT,NAIVE,NAIVE,AUTOCOMMIT,NORMAL,2,1,1,0,2,0,0,0,0,0,1,3.23,3.51,564.67,3.54,52871cd8-c451-4417-b658-135e85f7adb5,9
2676,STREAM_LIMIT,NAIVE,NAIVE,AUTOCOMMIT,NORMAL,2,1,1,0,2,0,0,0,0,0,1,2.62,3.07,650.99,3.07,52871cd8-c451-4417-b658-135e85f7adb5,10
2677,STREAM_LIMIT,NAIVE,NAIVE,AUTOCOMMIT,NORMAL,2,1,1,20,2,0,0,0,0,0,1,23.57,23.92,83.61,23.92,52871cd8-c451-4417-b658-135e85f7adb5,1
2678,STREAM_LIMIT,NAIVE,NAIVE,AUTOCOMMIT,NORMAL,2,1,1,20,2,0,0,0,0,0,1,24.32,24.6,81.23,24.62,52871cd8-c451-4417-b658-135e85f7adb5,2
2679,STREAM_LIMIT,NAIVE,NAIVE,AUTOCOMMIT,NORMAL,2,1,1,20,2,0,0,0,0,0,1,22.49,23.64,84.5,23.67,52871cd8-c451-4417-b658-135e85f7adb5,3
2680,STREAM_LIMIT,NAIVE,NAIVE,AUTOCOMMIT,NORMAL,2,1,1,20,2,0,0,0,0,0,1,24.9,25.11,79.57,25.14,52871cd8-c451-4417-b658-135e85f7adb5,4
2681,STREAM_LIMIT,NAIVE,NAIVE,AUTOCOMMIT,NORMAL,2,1,1,20,2,0,0,0,0,0,1,24.89,25.19,79.32,25.21,52871cd8-c451-4417-b658-135e85f7adb5,5
2682,STREAM_LIMIT,NAIVE,NAIVE,AUTOCOMMIT,NORMAL,2,1,1,20,2,0,0,0,0,0,1,25.09,25.5,78.43,25.5,52871cd8-c451-4417-b658-135e85f7adb5,6
2683,STREAM_LIMIT,NAIVE,NAIVE,AUTOCOMMIT,NORMAL,2,1,1,20,2,0,0,0,0,0,1,23.86,24.24,82.26,24.31,52871cd8-c451-4417-b658-135e85f7adb5,7
2684,STREAM_LIMIT,NAIVE,NAIVE,AUTOCOMMIT,NORMAL,2,1,1,20,2,0,0,0,0,0,1,24.66,25.17,79.26,25.23,52871cd8-c451-4417-b658-135e85f7adb5,8
2685,STREAM_LIMIT,NAIVE,NAIVE,AUTOCOMMIT,NORMAL,2,1,1,20,2,0,0,0,0,0,1,26.19,26.7,74.88,26.71,52871cd8-c451-4417-b658-135e85f7adb5,9
2686,STREAM_LIMIT,NAIVE,NAIVE,AUTOCOMMIT,NORMAL,2,1,1,20,2,0,0,0,0,0,1,25.96,26.48,75.5,26.49,52871cd8-c451-4417-b658-135e85f7adb5,10
2687,STREAM_LIMIT,NAIVE,NAIVE,AUTOCOMMIT,NORMAL,2,16,1,0,2,0,0,0,0,0,0,4.3,4.93,401.77,4.98,52871cd8-c451-4417-b658-135e85f7adb5,1
2688,STREAM_LIMIT,NAIVE,NAIVE,AUTOCOMMIT,NORMAL,2,16,1,0,2,0,0,0,0,0,0,3.78,4.02,490.61,4.08,52871cd8-c451-4417-b658-135e85f7adb5,2
2689,STREAM_LIMIT,NAIVE,NAIVE,AUTOCOMMIT,NORMAL,2,16,1,0,2,0,0,0,0,0,0,3.27,3.4,571.97,3.5,52871cd8-c451-4417-b658-135e85f7adb5,3
2690,STREAM_LIMIT,NAIVE,NAIVE,AUTOCOMMIT,NORMAL,2,16,1,0,2,0,0,0,0,0,0,3.38,3.58,550.56,3.63,52871cd8-c451-4417-b658-135e85f7adb5,4
2691,STREAM_LIMIT,NAIVE,NAIVE,AUTOCOMMIT,NORMAL,2,16,1,0,2,0,0,0,0,0,0,3.33,3.93,493.83,4.05,52871cd8-c451-4417-b658-135e85f7adb5,5
2692,STREAM_LIMIT,NAIVE,NAIVE,AUTOCOMMIT,NORMAL,2,16,1,0,2,0,0,0,0,0,0,3.24,3.42,570.17,3.51,52871cd8-c451-4417-b658-135e85f7adb5,6
2693,STREAM_LIMIT,NAIVE,NAIVE,AUTOCOMMIT,NORMAL,2,16,1,0,2,0,0,0,0,0,0,3.11,3.31,583,3.43,52871cd8-c451-4417-b658-135e85f7adb5,7
2694,STREAM_LIMIT,NAIVE,NAIVE,AUTOCOMMIT,NORMAL,2,16,1,0,2,0,0,0,0,0,0,2.87,3.16,612.4,3.27,52871cd8-c451-4417-b658-135e85f7adb5,8
2695,STREAM_LIMIT,NAIVE,NAIVE,AUTOCOMMIT,NORMAL,2,16,1,0,2,0,0,0,0,0,0,2.78,2.96,653.82,3.06,52871cd8-c451-4417-b658-135e85f7adb5,9
2696,STREAM_LIMIT,NAIVE,NAIVE,AUTOCOMMIT,NORMAL,2,16,1,0,2,0,0,0,0,0,0,3.47,3.63,536.01,3.73,52871cd8-c451-4417-b658-135e85f7adb5,10
2697,STREAM_LIMIT,NAIVE,NAIVE,AUTOCOMMIT,NORMAL,2,16,1,20,2,0,0,0,0,0,0,25.23,25.67,77.73,25.73,52871cd8-c451-4417-b658-135e85f7adb5,1
2698,STREAM_LIMIT,NAIVE,NAIVE,AUTOCOMMIT,NORMAL,2,16,1,20,2,0,0,0,0,0,0,24.85,25.09,79.53,25.15,52871cd8-c451-4417-b658-135e85f7adb5,2
2699,STREAM_LIMIT,NAIVE,NAIVE,AUTOCOMMIT,NORMAL,2,16,1,20,2,0,0,0,0,0,0,23.83,23.97,83.21,24.04,52871cd8-c451-4417-b658-135e85f7adb5,3
2700,STREAM_LIMIT,NAIVE,NAIVE,AUTOCOMMIT,NORMAL,2,16,1,20,2,0,0,0,0,0,0,24.75,25.12,79.59,25.13,52871cd8-c451-4417-b658-135e85f7adb5,4
2701,STREAM_LIMIT,NAIVE,NAIVE,AUTOCOMMIT,NORMAL,2,16,1,20,2,0,0,0,0,0,0,25.95,26.29,75.73,26.41,52871cd8-c451-4417-b658-135e85f7adb5,5
2702,STREAM_LIMIT,NAIVE,NAIVE,AUTOCOMMIT,NORMAL,2,16,1,20,2,0,0,0,0,0,0,24.76,25.03,79.58,25.13,52871cd8-c451-4417-b658-135e85f7adb5,6
2703,STREAM_LIMIT,NAIVE,NAIVE,AUTOCOMMIT,NORMAL,2,16,1,20,2,0,0,0,0,0,0,25.59,26.13,76.52,26.14,52871cd8-c451-4417-b658-135e85f7adb5,7
2704,STREAM_LIMIT,NAIVE,NAIVE,AUTOCOMMIT,NORMAL,2,16,1,20,2,0,0,0,0,0,0,26.48,26.6,74.9,26.7,52871cd8-c451-4417-b658-135e85f7adb5,8
2705,STREAM_LIMIT,NAIVE,NAIVE,AUTOCOMMIT,NORMAL,2,16,1,20,2,0,0,0,0,0,0,25.3,25.64,77.82,25.7,52871cd8-c451-4417-b658-135e85f7adb5,9
2706,STREAM_LIMIT,NAIVE,NAIVE,AUTOCOMMIT,NORMAL,2,16,1,20,2,0,0,0,0,0,0,25.36,25.69,77.63,25.76,52871cd8-c451-4417-b658-135e85f7adb5,10
2707,STREAM_LIMIT,NAIVE,NAIVE,AUTOCOMMIT,NORMAL,8,1,1,0,8,0,0,0,0,0,7,8.1,11.23,701.07,11.41,52871cd8-c451-4417-b658-135e85f7adb5,1
2708,STREAM_LIMIT,NAIVE,NAIVE,AUTOCOMMIT,NORMAL,8,1,1,0,8,0,0,0,0,0,7,6.27,8.56,883.96,9.05,52871cd8-c451-4417-b658-135e85f7adb5,2
2709,STREAM_LIMIT,NAIVE,NAIVE,AUTOCOMMIT,NORMAL,8,1,1,0,8,0,0,0,0,0,7,6.24,8.68,873.85,9.15,52871cd8-c451-4417-b658-135e85f7adb5,3
2710,STREAM_LIMIT,NAIVE,NAIVE,AUTOCOMMIT,NORMAL,8,1,1,0,8,0,0,0,0,0,7,6.06,8.39,921.99,8.68,52871cd8-c451-4417-b658-135e85f7adb5,4
2711,STREAM_LIMIT,NAIVE,NAIVE,AUTOCOMMIT,NORMAL,8,1,1,0,8,0,0,0,0,0,7,6.66,9.08,868.8,9.21,52871cd8-c451-4417-b658-135e85f7adb5,5
2712,STREAM_LIMIT,NAIVE,NAIVE,AUTOCOMMIT,NORMAL,8,1,1,0,8,0,0,0,0,0,7,6.66,11.68,683.91,11.7,52871cd8-c451-4417-b658-135e85f7adb5,6
2713,STREAM_LIMIT,NAIVE,NAIVE,AUTOCOMMIT,NORMAL,8,1,1,0,8,0,0,0,0,0,7,6.15,8.92,883.39,9.06,52871cd8-c451-4417-b658-135e85f7adb5,7
2714,STREAM_LIMIT,NAIVE,NAIVE,AUTOCOMMIT,NORMAL,8,1,1,0,8,0,0,0,0,0,7,5.14,10.78,731.13,10.94,52871cd8-c451-4417-b658-135e85f7adb5,8
2715,STREAM_LIMIT,NAIVE,NAIVE,AUTOCOMMIT,NORMAL,8,1,1,0,8,0,0,0,0,0,7,5.43,8.1,981.18,8.15,52871cd8-c451-4417-b658-135e85f7adb5,9
2716,STREAM_LIMIT,NAIVE,NAIVE,AUTOCOMMIT,NORMAL,8,1,1,0,8,0,0,0,0,0,7,5.76,8.39,935.28,8.55,52871cd8-c451-4417-b658-135e85f7adb5,10
2717,STREAM_LIMIT,NAIVE,NAIVE,AUTOCOMMIT,NORMAL,8,1,1,20,8,0,0,0,0,0,7,27.06,29.14,272.91,29.31,52871cd8-c451-4417-b658-135e85f7adb5,1
2718,STREAM_LIMIT,NAIVE,NAIVE,AUTOCOMMIT,NORMAL,8,1,1,20,8,0,0,0,0,0,7,27.31,29.62,268.54,29.79,52871cd8-c451-4417-b658-135e85f7adb5,2
2719,STREAM_LIMIT,NAIVE,NAIVE,AUTOCOMMIT,NORMAL,8,1,1,20,8,0,0,0,0,0,7,27.14,29.32,270.61,29.56,52871cd8-c451-4417-b658-135e85f7adb5,3
2720,STREAM_LIMIT,NAIVE,NAIVE,AUTOCOMMIT,NORMAL,8,1,1,20,8,0,0,0,0,0,7,27.9,30.18,262.33,30.5,52871cd8-c451-4417-b658-135e85f7adb5,4
2721,STREAM_LIMIT,NAIVE,NAIVE,AUTOCOMMIT,NORMAL,8,1,1,20,8,0,0,0,0,0,7,27.45,29.86,266.76,29.99,52871cd8-c451-4417-b658-135e85f7adb5,5
2722,STREAM_LIMIT,NAIVE,NAIVE,AUTOCOMMIT,NORMAL,8,1,1,20,8,0,0,0,0,0,7,27.6,29.93,265.31,30.15,52871cd8-c451-4417-b658-135e85f7adb5,6
2723,STREAM_LIMIT,NAIVE,NAIVE,AUTOCOMMIT,NORMAL,8,1,1,20,8,0,0,0,0,0,7,28.1,31.11,257.05,31.12,52871cd8-c451-4417-b658-135e85f7adb5,7
2724,STREAM_LIMIT,NAIVE,NAIVE,AUTOCOMMIT,NORMAL,8,1,1,20,8,0,0,0,0,0,7,28.05,30.36,261.46,30.6,52871cd8-c451-4417-b658-135e85f7adb5,8
2725,STREAM_LIMIT,NAIVE,NAIVE,AUTOCOMMIT,NORMAL,8,1,1,20,8,0,0,0,0,0,7,27.63,29.75,267.72,29.88,52871cd8-c451-4417-b658-135e85f7adb5,9
2726,STREAM_LIMIT,NAIVE,NAIVE,AUTOCOMMIT,NORMAL,8,1,1,20,8,0,0,0,0,0,7,28.24,30.94,255.55,31.3,52871cd8-c451-4417-b658-135e85f7adb5,10
2727,STREAM_LIMIT,NAIVE,NAIVE,AUTOCOMMIT,NORMAL,8,16,1,0,8,0,0,0,0,0,0,6.97,7.37,1063.49,7.52,52871cd8-c451-4417-b658-135e85f7adb5,1
2728,STREAM_LIMIT,NAIVE,NAIVE,AUTOCOMMIT,NORMAL,8,16,1,0,8,0,0,0,0,0,0,6.68,6.93,1098.93,7.28,52871cd8-c451-4417-b658-135e85f7adb5,2
2729,STREAM_LIMIT,NAIVE,NAIVE,AUTOCOMMIT,NORMAL,8,16,1,0,8,0,0,0,0,0,0,5.48,6.36,1247.78,6.41,52871cd8-c451-4417-b658-135e85f7adb5,3
2730,STREAM_LIMIT,NAIVE,NAIVE,AUTOCOMMIT,NORMAL,8,16,1,0,8,0,0,0,0,0,0,5.31,5.84,1328.03,6.02,52871cd8-c451-4417-b658-135e85f7adb5,4
2731,STREAM_LIMIT,NAIVE,NAIVE,AUTOCOMMIT,NORMAL,8,16,1,0,8,0,0,0,0,0,0,5.14,5.5,1404.22,5.7,52871cd8-c451-4417-b658-135e85f7adb5,5
2732,STREAM_LIMIT,NAIVE,NAIVE,AUTOCOMMIT,NORMAL,8,16,1,0,8,0,0,0,0,0,0,5.08,5.2,1521.64,5.26,52871cd8-c451-4417-b658-135e85f7adb5,6
2733,STREAM_LIMIT,NAIVE,NAIVE,AUTOCOMMIT,NORMAL,8,16,1,0,8,0,0,0,0,0,0,5.13,5.43,1453.41,5.5,52871cd8-c451-4417-b658-135e85f7adb5,7
2734,STREAM_LIMIT,NAIVE,NAIVE,AUTOCOMMIT,NORMAL,8,16,1,0,8,0,0,0,0,0,0,5.11,5.9,1339.01,5.97,52871cd8-c451-4417-b658-135e85f7adb5,8
2735,STREAM_LIMIT,NAIVE,NAIVE,AUTOCOMMIT,NORMAL,8,16,1,0,8,0,0,0,0,0,0,6.18,6.7,1184.42,6.75,52871cd8-c451-4417-b658-135e85f7adb5,9
2736,STREAM_LIMIT,NAIVE,NAIVE,AUTOCOMMIT,NORMAL,8,16,1,0,8,0,0,0,0,0,0,5.9,6.17,1296.99,6.17,52871cd8-c451-4417-b658-135e85f7adb5,10
2737,STREAM_LIMIT,NAIVE,NAIVE,AUTOCOMMIT,NORMAL,8,16,1,20,8,0,0,0,0,0,0,26.47,26.76,298.97,26.76,52871cd8-c451-4417-b658-135e85f7adb5,1
2738,STREAM_LIMIT,NAIVE,NAIVE,AUTOCOMMIT,NORMAL,8,16,1,20,8,0,0,0,0,0,0,27.77,27.92,285.4,28.03,52871cd8-c451-4417-b658-135e85f7adb5,2
2739,STREAM_LIMIT,NAIVE,NAIVE,AUTOCOMMIT,NORMAL,8,16,1,20,8,0,0,0,0,0,0,28.39,28.6,278.93,28.68,52871cd8-c451-4417-b658-135e85f7adb5,3
2740,STREAM_LIMIT,NAIVE,NAIVE,AUTOCOMMIT,NORMAL,8,16,1,20,8,0,0,0,0,0,0,27.05,27.29,291.66,27.43,52871cd8-c451-4417-b658-135e85f7adb5,4
2741,STREAM_LIMIT,NAIVE,NAIVE,AUTOCOMMIT,NORMAL,8,16,1,20,8,0,0,0,0,0,0,27.12,27.34,291.19,27.47,52871cd8-c451-4417-b658-135e85f7adb5,5
2742,STREAM_LIMIT,NAIVE,NAIVE,AUTOCOMMIT,NORMAL,8,16,1,20,8,0,0,0,0,0,0,27.8,28,283.73,28.2,52871cd8-c451-4417-b658-135e85f7adb5,6
2743,STREAM_LIMIT,NAIVE,NAIVE,AUTOCOMMIT,NORMAL,8,16,1,20,8,0,0,0,0,0,0,26.87,27.22,292.35,27.36,52871cd8-c451-4417-b658-135e85f7adb5,7
2744,STREAM_LIMIT,NAIVE,NAIVE,AUTOCOMMIT,NORMAL,8,16,1,20,8,0,0,0,0,0,0,25.13,25.35,313.57,25.51,52871cd8-c451-4417-b658-135e85f7adb5,8
2745,STREAM_LIMIT,NAIVE,NAIVE,AUTOCOMMIT,NORMAL,8,16,1,20,8,0,0,0,0,0,0,29.5,29.65,268.9,29.75,52871cd8-c451-4417-b658-135e85f7adb5,9
2746,STREAM_LIMIT,NAIVE,NAIVE,AUTOCOMMIT,NORMAL,8,16,1,20,8,0,0,0,0,0,0,28.98,29.5,268.24,29.82,52871cd8-c451-4417-b658-135e85f7adb5,10
2747,STREAM_LIMIT,NAIVE,NAIVE,AUTOCOMMIT,NORMAL,32,1,1,0,32,0,0,0,0,0,31,35.31,47.47,653.09,49,52871cd8-c451-4417-b658-135e85f7adb5,1
2748,STREAM_LIMIT,NAIVE,NAIVE,AUTOCOMMIT,NORMAL,32,1,1,0,32,0,0,0,0,0,31,20.87,31.63,980.62,32.63,52871cd8-c451-4417-b658-135e85f7adb5,2
2749,STREAM_LIMIT,NAIVE,NAIVE,AUTOCOMMIT,NORMAL,32,1,1,0,32,0,0,0,0,0,31,20.69,31.02,1008.17,31.74,52871cd8-c451-4417-b658-135e85f7adb5,3
2750,STREAM_LIMIT,NAIVE,NAIVE,AUTOCOMMIT,NORMAL,32,1,1,0,32,0,0,0,0,0,31,21.41,41.03,771.7,41.47,52871cd8-c451-4417-b658-135e85f7adb5,4
2751,STREAM_LIMIT,NAIVE,NAIVE,AUTOCOMMIT,NORMAL,32,1,1,0,32,0,0,0,0,0,31,16.82,26.25,1182.98,27.05,52871cd8-c451-4417-b658-135e85f7adb5,5
2752,STREAM_LIMIT,NAIVE,NAIVE,AUTOCOMMIT,NORMAL,32,1,1,0,32,0,0,0,0,0,31,17.92,27.17,1154.47,27.72,52871cd8-c451-4417-b658-135e85f7adb5,6
2753,STREAM_LIMIT,NAIVE,NAIVE,AUTOCOMMIT,NORMAL,32,1,1,0,32,0,0,0,0,0,31,15.44,26.15,1191.87,26.85,52871cd8-c451-4417-b658-135e85f7adb5,7
2754,STREAM_LIMIT,NAIVE,NAIVE,AUTOCOMMIT,NORMAL,32,1,1,0,32,0,0,0,0,0,31,16.46,26.91,1168.22,27.39,52871cd8-c451-4417-b658-135e85f7adb5,8
2755,STREAM_LIMIT,NAIVE,NAIVE,AUTOCOMMIT,NORMAL,32,1,1,0,32,0,0,0,0,0,31,18.08,28.19,1094.93,29.23,52871cd8-c451-4417-b658-135e85f7adb5,9
2756,STREAM_LIMIT,NAIVE,NAIVE,AUTOCOMMIT,NORMAL,32,1,1,0,32,0,0,0,0,0,31,17.84,28.63,1095.38,29.21,52871cd8-c451-4417-b658-135e85f7adb5,10
2757,STREAM_LIMIT,NAIVE,NAIVE,AUTOCOMMIT,NORMAL,32,1,1,20,32,0,0,0,0,0,31,37.09,49.48,639.74,50.02,52871cd8-c451-4417-b658-135e85f7adb5,1
2758,STREAM_LIMIT,NAIVE,NAIVE,AUTOCOMMIT,NORMAL,32,1,1,20,32,0,0,0,0,0,31,38.57,47.88,650.75,49.17,52871cd8-c451-4417-b658-135e85f7adb5,2
2759,STREAM_LIMIT,NAIVE,NAIVE,AUTOCOMMIT,NORMAL,32,1,1,20,32,0,0,0,0,0,31,36.38,45.12,683.4,46.82,52871cd8-c451-4417-b658-135e85f7adb5,3
2760,STREAM_LIMIT,NAIVE,NAIVE,AUTOCOMMIT,NORMAL,32,1,1,20,32,0,0,0,0,0,31,38.06,46.57,671.5,47.65,52871cd8-c451-4417-b658-135e85f7adb5,4
2761,STREAM_LIMIT,NAIVE,NAIVE,AUTOCOMMIT,NORMAL,32,1,1,20,32,0,0,0,0,0,31,37.65,47.08,661.12,48.4,52871cd8-c451-4417-b658-135e85f7adb5,5
2762,STREAM_LIMIT,NAIVE,NAIVE,AUTOCOMMIT,NORMAL,32,1,1,20,32,0,0,0,0,0,31,36.95,46.71,672.2,47.6,52871cd8-c451-4417-b658-135e85f7adb5,6
2763,STREAM_LIMIT,NAIVE,NAIVE,AUTOCOMMIT,NORMAL,32,1,1,20,32,0,0,0,0,0,31,38.22,47.37,661.91,48.34,52871cd8-c451-4417-b658-135e85f7adb5,7
2764,STREAM_LIMIT,NAIVE,NAIVE,AUTOCOMMIT,NORMAL,32,1,1,20,32,0,0,0,0,0,31,38.87,47.97,653.67,48.95,52871cd8-c451-4417-b658-135e85f7adb5,8
2765,STREAM_LIMIT,NAIVE,NAIVE,AUTOCOMMIT,NORMAL,32,1,1,20,32,0,0,0,0,0,31,38.56,49.4,629.25,50.85,52871cd8-c451-4417-b658-135e85f7adb5,9
2766,STREAM_LIMIT,NAIVE,NAIVE,AUTOCOMMIT,NORMAL,32,1,1,20,32,0,0,0,0,0,31,37.11,47,660.11,48.48,52871cd8-c451-4417-b658-135e85f7adb5,10
2767,STREAM_LIMIT,NAIVE,NAIVE,AUTOCOMMIT,NORMAL,32,16,1,0,32,0,0,0,0,0,16,12.73,14.16,2125.53,15.06,52871cd8-c451-4417-b658-135e85f7adb5,1
2768,STREAM_LIMIT,NAIVE,NAIVE,AUTOCOMMIT,NORMAL,32,16,1,0,32,0,0,0,0,0,16,11.4,12.55,2514.5,12.73,52871cd8-c451-4417-b658-135e85f7adb5,2
2769,STREAM_LIMIT,NAIVE,NAIVE,AUTOCOMMIT,NORMAL,32,16,1,0,32,0,0,0,0,0,16,10.95,12.19,2605.16,12.28,52871cd8-c451-4417-b658-135e85f7adb5,3
2770,STREAM_LIMIT,NAIVE,NAIVE,AUTOCOMMIT,NORMAL,32,16,1,0,32,0,0,0,0,0,16,14.21,15.28,2066.92,15.48,52871cd8-c451-4417-b658-135e85f7adb5,4
2771,STREAM_LIMIT,NAIVE,NAIVE,AUTOCOMMIT,NORMAL,32,16,1,0,32,0,0,0,0,0,16,10.51,12.34,2574.21,12.43,52871cd8-c451-4417-b658-135e85f7adb5,5
2772,STREAM_LIMIT,NAIVE,NAIVE,AUTOCOMMIT,NORMAL,32,16,1,0,32,0,0,0,0,0,16,11.68,12.88,2421.07,13.22,52871cd8-c451-4417-b658-135e85f7adb5,6
2773,STREAM_LIMIT,NAIVE,NAIVE,AUTOCOMMIT,NORMAL,32,16,1,0,32,0,0,0,0,0,16,11.27,12.16,2609.11,12.26,52871cd8-c451-4417-b658-135e85f7adb5,7
2774,STREAM_LIMIT,NAIVE,NAIVE,AUTOCOMMIT,NORMAL,32,16,1,0,32,0,0,0,0,0,16,10.64,12.42,2546.89,12.56,52871cd8-c451-4417-b658-135e85f7adb5,8
2775,STREAM_LIMIT,NAIVE,NAIVE,AUTOCOMMIT,NORMAL,32,16,1,0,32,0,0,0,0,0,16,11.66,12.8,2483.43,12.89,52871cd8-c451-4417-b658-135e85f7adb5,9
2776,STREAM_LIMIT,NAIVE,NAIVE,AUTOCOMMIT,NORMAL,32,16,1,0,32,0,0,0,0,0,16,11.39,12.83,2485.6,12.87,52871cd8-c451-4417-b658-135e85f7adb5,10
2777,STREAM_LIMIT,NAIVE,NAIVE,AUTOCOMMIT,NORMAL,32,16,1,20,32,0,0,0,0,0,16,31.89,37.06,860.79,37.17,52871cd8-c451-4417-b658-135e85f7adb5,1
2778,STREAM_LIMIT,NAIVE,NAIVE,AUTOCOMMIT,NORMAL,32,16,1,20,32,0,0,0,0,0,16,33.43,34.28,929.83,34.42,52871cd8-c451-4417-b658-135e85f7adb5,2
2779,STREAM_LIMIT,NAIVE,NAIVE,AUTOCOMMIT,NORMAL,32,16,1,20,32,0,0,0,0,0,16,34.89,36.31,878.4,36.43,52871cd8-c451-4417-b658-135e85f7adb5,3
2780,STREAM_LIMIT,NAIVE,NAIVE,AUTOCOMMIT,NORMAL,32,16,1,20,32,0,0,0,0,0,16,30.74,32.14,983.88,32.52,52871cd8-c451-4417-b658-135e85f7adb5,4
2781,STREAM_LIMIT,NAIVE,NAIVE,AUTOCOMMIT,NORMAL,32,16,1,20,32,0,0,0,0,0,16,31.71,32.46,963.19,33.22,52871cd8-c451-4417-b658-135e85f7adb5,5
2782,STREAM_LIMIT,NAIVE,NAIVE,AUTOCOMMIT,NORMAL,32,16,1,20,32,0,0,0,0,0,16,33.18,34.24,918.73,34.83,52871cd8-c451-4417-b658-135e85f7adb5,6
2783,STREAM_LIMIT,NAIVE,NAIVE,AUTOCOMMIT,NORMAL,32,16,1,20,32,0,0,0,0,0,16,32.32,33.43,942.98,33.93,52871cd8-c451-4417-b658-135e85f7adb5,7
2784,STREAM_LIMIT,NAIVE,NAIVE,AUTOCOMMIT,NORMAL,32,16,1,20,32,0,0,0,0,0,16,31.69,32.53,959.31,33.36,52871cd8-c451-4417-b658-135e85f7adb5,8
2785,STREAM_LIMIT,NAIVE,NAIVE,AUTOCOMMIT,NORMAL,32,16,1,20,32,0,0,0,0,0,16,32.19,33.01,950,33.68,52871cd8-c451-4417-b658-135e85f7adb5,9
2786,STREAM_LIMIT,NAIVE,NAIVE,AUTOCOMMIT,NORMAL,32,16,1,20,32,0,0,0,0,0,16,31.77,32.88,958.58,33.38,52871cd8-c451-4417-b658-135e85f7adb5,10
2787,STREAM_LIMIT,NAIVE,NAIVE,AUTOCOMMIT,NORMAL,64,1,1,0,64,0,0,0,0,0,63,30.76,48.15,1257.53,50.89,52871cd8-c451-4417-b658-135e85f7adb5,1
2788,STREAM_LIMIT,NAIVE,NAIVE,AUTOCOMMIT,NORMAL,64,1,1,0,64,0,0,0,0,0,63,32.55,50.48,1215.01,52.67,52871cd8-c451-4417-b658-135e85f7adb5,2
2789,STREAM_LIMIT,NAIVE,NAIVE,AUTOCOMMIT,NORMAL,64,1,1,0,64,0,0,0,0,0,63,28.98,47.2,1293.11,49.49,52871cd8-c451-4417-b658-135e85f7adb5,3
2790,STREAM_LIMIT,NAIVE,NAIVE,AUTOCOMMIT,NORMAL,64,1,1,0,64,0,0,0,0,0,63,34.59,52.43,1172.31,54.59,52871cd8-c451-4417-b658-135e85f7adb5,4
2791,STREAM_LIMIT,NAIVE,NAIVE,AUTOCOMMIT,NORMAL,64,1,1,0,64,0,0,0,0,0,63,33.12,59.57,1021.75,62.64,52871cd8-c451-4417-b658-135e85f7adb5,5
2792,STREAM_LIMIT,NAIVE,NAIVE,AUTOCOMMIT,NORMAL,64,1,1,0,64,0,0,0,0,0,63,31.74,49.05,1225.95,52.2,52871cd8-c451-4417-b658-135e85f7adb5,6
2793,STREAM_LIMIT,NAIVE,NAIVE,AUTOCOMMIT,NORMAL,64,1,1,0,64,0,0,0,0,0,63,30.74,48.03,1255.32,50.98,52871cd8-c451-4417-b658-135e85f7adb5,7
2794,STREAM_LIMIT,NAIVE,NAIVE,AUTOCOMMIT,NORMAL,64,1,1,0,64,0,0,0,0,0,63,29.62,48.61,1264.03,50.63,52871cd8-c451-4417-b658-135e85f7adb5,8
2795,STREAM_LIMIT,NAIVE,NAIVE,AUTOCOMMIT,NORMAL,64,1,1,0,64,0,0,0,0,0,63,30.84,50.89,1205.92,53.07,52871cd8-c451-4417-b658-135e85f7adb5,9
2796,STREAM_LIMIT,NAIVE,NAIVE,AUTOCOMMIT,NORMAL,64,1,1,0,64,0,0,0,0,0,63,30.55,49.19,1245.95,51.37,52871cd8-c451-4417-b658-135e85f7adb5,10
2797,STREAM_LIMIT,NAIVE,NAIVE,AUTOCOMMIT,NORMAL,64,1,1,20,64,0,0,0,0,0,63,49.5,67.7,911.75,70.2,52871cd8-c451-4417-b658-135e85f7adb5,1
2798,STREAM_LIMIT,NAIVE,NAIVE,AUTOCOMMIT,NORMAL,64,1,1,20,64,0,0,0,0,0,63,50.86,78.97,789.68,81.05,52871cd8-c451-4417-b658-135e85f7adb5,2
2799,STREAM_LIMIT,NAIVE,NAIVE,AUTOCOMMIT,NORMAL,64,1,1,20,64,0,0,0,0,0,63,53.79,72.58,841.59,76.05,52871cd8-c451-4417-b658-135e85f7adb5,3
2800,STREAM_LIMIT,NAIVE,NAIVE,AUTOCOMMIT,NORMAL,64,1,1,20,64,0,0,0,0,0,63,59.2,78.5,777.04,82.36,52871cd8-c451-4417-b658-135e85f7adb5,4
2801,STREAM_LIMIT,NAIVE,NAIVE,AUTOCOMMIT,NORMAL,64,1,1,20,64,0,0,0,0,0,63,54.71,78.03,780.01,82.05,52871cd8-c451-4417-b658-135e85f7adb5,5
2802,STREAM_LIMIT,NAIVE,NAIVE,AUTOCOMMIT,NORMAL,64,1,1,20,64,0,0,0,0,0,63,57.35,76.43,800.91,79.91,52871cd8-c451-4417-b658-135e85f7adb5,6
2803,STREAM_LIMIT,NAIVE,NAIVE,AUTOCOMMIT,NORMAL,64,1,1,20,64,0,0,0,0,0,63,59.75,78.48,781.21,81.92,52871cd8-c451-4417-b658-135e85f7adb5,7
2804,STREAM_LIMIT,NAIVE,NAIVE,AUTOCOMMIT,NORMAL,64,1,1,20,64,0,0,0,0,0,63,59.26,84.26,731.02,87.55,52871cd8-c451-4417-b658-135e85f7adb5,8
2805,STREAM_LIMIT,NAIVE,NAIVE,AUTOCOMMIT,NORMAL,64,1,1,20,64,0,0,0,0,0,63,58.28,80.27,763.8,83.79,52871cd8-c451-4417-b658-135e85f7adb5,9
2806,STREAM_LIMIT,NAIVE,NAIVE,AUTOCOMMIT,NORMAL,64,1,1,20,64,0,0,0,0,0,63,53.5,71.57,861.03,74.33,52871cd8-c451-4417-b658-135e85f7adb5,10
2807,STREAM_LIMIT,NAIVE,NAIVE,AUTOCOMMIT,NORMAL,64,16,1,0,64,0,0,0,0,0,48,18.23,21.14,2799.29,22.86,52871cd8-c451-4417-b658-135e85f7adb5,1
2808,STREAM_LIMIT,NAIVE,NAIVE,AUTOCOMMIT,NORMAL,64,16,1,0,64,0,0,0,0,0,48,18.04,20.97,2811.62,22.76,52871cd8-c451-4417-b658-135e85f7adb5,2
2809,STREAM_LIMIT,NAIVE,NAIVE,AUTOCOMMIT,NORMAL,64,16,1,0,64,0,0,0,0,0,48,17.02,21.9,2882.25,22.2,52871cd8-c451-4417-b658-135e85f7adb5,3
2810,STREAM_LIMIT,NAIVE,NAIVE,AUTOCOMMIT,NORMAL,64,16,1,0,64,0,0,0,0,0,48,17.85,20.17,2987.75,21.42,52871cd8-c451-4417-b658-135e85f7adb5,4
2811,STREAM_LIMIT,NAIVE,NAIVE,AUTOCOMMIT,NORMAL,64,16,1,0,64,0,0,0,0,0,48,15,19.29,3240.77,19.75,52871cd8-c451-4417-b658-135e85f7adb5,5
2812,STREAM_LIMIT,NAIVE,NAIVE,AUTOCOMMIT,NORMAL,64,16,1,0,64,0,0,0,0,0,48,17.33,20.31,3108.34,20.59,52871cd8-c451-4417-b658-135e85f7adb5,6
2813,STREAM_LIMIT,NAIVE,NAIVE,AUTOCOMMIT,NORMAL,64,16,1,0,64,0,0,0,0,0,48,16.24,19.69,3197.69,20.01,52871cd8-c451-4417-b658-135e85f7adb5,7
2814,STREAM_LIMIT,NAIVE,NAIVE,AUTOCOMMIT,NORMAL,64,16,1,0,64,0,0,0,0,0,48,16.54,20.48,3063.14,20.89,52871cd8-c451-4417-b658-135e85f7adb5,8
2815,STREAM_LIMIT,NAIVE,NAIVE,AUTOCOMMIT,NORMAL,64,16,1,0,64,0,0,0,0,0,48,17.24,20.81,3031.8,21.11,52871cd8-c451-4417-b658-135e85f7adb5,9
2816,STREAM_LIMIT,NAIVE,NAIVE,AUTOCOMMIT,NORMAL,64,16,1,0,64,0,0,0,0,0,48,17.47,20.42,3009.2,21.27,52871cd8-c451-4417-b658-135e85f7adb5,10
2817,STREAM_LIMIT,NAIVE,NAIVE,AUTOCOMMIT,NORMAL,64,16,1,20,64,0,0,0,0,0,48,47.14,52.26,1220.45,52.44,52871cd8-c451-4417-b658-135e85f7adb5,1
2818,STREAM_LIMIT,NAIVE,NAIVE,AUTOCOMMIT,NORMAL,64,16,1,20,64,0,0,0,0,0,48,37.72,40.06,1564.58,40.91,52871cd8-c451-4417-b658-135e85f7adb5,2
2819,STREAM_LIMIT,NAIVE,NAIVE,AUTOCOMMIT,NORMAL,64,16,1,20,64,0,0,0,0,0,48,36.63,39.32,1608.06,39.8,52871cd8-c451-4417-b658-135e85f7adb5,3
2820,STREAM_LIMIT,NAIVE,NAIVE,AUTOCOMMIT,NORMAL,64,16,1,20,64,0,0,0,0,0,48,39.41,42.02,1507.34,42.46,52871cd8-c451-4417-b658-135e85f7adb5,4
2821,STREAM_LIMIT,NAIVE,NAIVE,AUTOCOMMIT,NORMAL,64,16,1,20,64,0,0,0,0,0,48,39.98,43.12,1455.32,43.98,52871cd8-c451-4417-b658-135e85f7adb5,5
2822,STREAM_LIMIT,NAIVE,NAIVE,AUTOCOMMIT,NORMAL,64,16,1,20,64,0,0,0,0,0,48,37.5,40.34,1554.46,41.17,52871cd8-c451-4417-b658-135e85f7adb5,6
2823,STREAM_LIMIT,NAIVE,NAIVE,AUTOCOMMIT,NORMAL,64,16,1,20,64,0,0,0,0,0,48,37.5,41.55,1528.93,41.86,52871cd8-c451-4417-b658-135e85f7adb5,7
2824,STREAM_LIMIT,NAIVE,NAIVE,AUTOCOMMIT,NORMAL,64,16,1,20,64,0,0,0,0,0,48,39,41.45,1480.53,43.23,52871cd8-c451-4417-b658-135e85f7adb5,8
2825,STREAM_LIMIT,NAIVE,NAIVE,AUTOCOMMIT,NORMAL,64,16,1,20,64,0,0,0,0,0,48,39.6,42.9,1476.39,43.35,52871cd8-c451-4417-b658-135e85f7adb5,9
2826,STREAM_LIMIT,NAIVE,NAIVE,AUTOCOMMIT,NORMAL,64,16,1,20,64,0,0,0,0,0,48,39.11,41.74,1497.28,42.74,52871cd8-c451-4417-b658-135e85f7adb5,10
2827,STREAM_LIMIT,TXN_RR,TXN_RR@RR,REPEATABLE READ,NORMAL,2,1,1,0,2,0,0,0,0,0,1,2.31,2.81,659.7,3.03,52871cd8-c451-4417-b658-135e85f7adb5,1
2828,STREAM_LIMIT,TXN_RR,TXN_RR@RR,REPEATABLE READ,NORMAL,2,1,1,0,2,0,0,0,0,0,1,2.3,3.2,618.14,3.24,52871cd8-c451-4417-b658-135e85f7adb5,2
2829,STREAM_LIMIT,TXN_RR,TXN_RR@RR,REPEATABLE READ,NORMAL,2,1,1,0,2,0,0,0,0,0,1,1.88,2.75,717.09,2.79,52871cd8-c451-4417-b658-135e85f7adb5,3
2830,STREAM_LIMIT,TXN_RR,TXN_RR@RR,REPEATABLE READ,NORMAL,2,1,1,0,2,0,0,0,0,0,1,1.9,3,659.23,3.03,52871cd8-c451-4417-b658-135e85f7adb5,4
2831,STREAM_LIMIT,TXN_RR,TXN_RR@RR,REPEATABLE READ,NORMAL,2,1,1,0,2,0,0,0,0,0,1,1.97,2.8,700.61,2.85,52871cd8-c451-4417-b658-135e85f7adb5,5
2832,STREAM_LIMIT,TXN_RR,TXN_RR@RR,REPEATABLE READ,NORMAL,2,1,1,0,2,0,0,0,0,0,1,2.01,2.86,689.41,2.9,52871cd8-c451-4417-b658-135e85f7adb5,6
2833,STREAM_LIMIT,TXN_RR,TXN_RR@RR,REPEATABLE READ,NORMAL,2,1,1,0,2,0,0,0,0,0,1,1.83,2.65,744.52,2.69,52871cd8-c451-4417-b658-135e85f7adb5,7
2834,STREAM_LIMIT,TXN_RR,TXN_RR@RR,REPEATABLE READ,NORMAL,2,1,1,0,2,0,0,0,0,0,1,2.15,2.98,661.58,3.02,52871cd8-c451-4417-b658-135e85f7adb5,8
2835,STREAM_LIMIT,TXN_RR,TXN_RR@RR,REPEATABLE READ,NORMAL,2,1,1,0,2,0,0,0,0,0,1,2.14,2.96,667.11,3,52871cd8-c451-4417-b658-135e85f7adb5,9
2836,STREAM_LIMIT,TXN_RR,TXN_RR@RR,REPEATABLE READ,NORMAL,2,1,1,0,2,0,0,0,0,0,1,1.89,3.29,600.54,3.33,52871cd8-c451-4417-b658-135e85f7adb5,10
2837,STREAM_LIMIT,TXN_RR,TXN_RR@RR,REPEATABLE READ,NORMAL,2,1,1,20,2,0,0,0,0,0,1,23.74,25.12,79.48,25.16,52871cd8-c451-4417-b658-135e85f7adb5,1
2838,STREAM_LIMIT,TXN_RR,TXN_RR@RR,REPEATABLE READ,NORMAL,2,1,1,20,2,0,0,0,0,0,1,23.76,24.81,80.36,24.89,52871cd8-c451-4417-b658-135e85f7adb5,2
2839,STREAM_LIMIT,TXN_RR,TXN_RR@RR,REPEATABLE READ,NORMAL,2,1,1,20,2,0,0,0,0,0,1,24.37,25.5,78.42,25.5,52871cd8-c451-4417-b658-135e85f7adb5,3
2840,STREAM_LIMIT,TXN_RR,TXN_RR@RR,REPEATABLE READ,NORMAL,2,1,1,20,2,0,0,0,0,0,1,23.28,24.72,80.59,24.82,52871cd8-c451-4417-b658-135e85f7adb5,4
2841,STREAM_LIMIT,TXN_RR,TXN_RR@RR,REPEATABLE READ,NORMAL,2,1,1,20,2,0,0,0,0,0,1,23.86,24.99,79.8,25.06,52871cd8-c451-4417-b658-135e85f7adb5,5
2842,STREAM_LIMIT,TXN_RR,TXN_RR@RR,REPEATABLE READ,NORMAL,2,1,1,20,2,0,0,0,0,0,1,24.34,25.51,78.17,25.59,52871cd8-c451-4417-b658-135e85f7adb5,6
2843,STREAM_LIMIT,TXN_RR,TXN_RR@RR,REPEATABLE READ,NORMAL,2,1,1,20,2,0,0,0,0,0,1,24.18,25.22,78.97,25.33,52871cd8-c451-4417-b658-135e85f7adb5,7
2844,STREAM_LIMIT,TXN_RR,TXN_RR@RR,REPEATABLE READ,NORMAL,2,1,1,20,2,0,0,0,0,0,1,24.14,25.48,78.05,25.62,52871cd8-c451-4417-b658-135e85f7adb5,8
2845,STREAM_LIMIT,TXN_RR,TXN_RR@RR,REPEATABLE READ,NORMAL,2,1,1,20,2,0,0,0,0,0,1,24.08,25.26,78.89,25.35,52871cd8-c451-4417-b658-135e85f7adb5,9
2846,STREAM_LIMIT,TXN_RR,TXN_RR@RR,REPEATABLE READ,NORMAL,2,1,1,20,2,0,0,0,0,0,1,24.32,25.73,77.57,25.78,52871cd8-c451-4417-b658-135e85f7adb5,10
2847,STREAM_LIMIT,TXN_RR,TXN_RR@RR,REPEATABLE READ,NORMAL,2,16,1,0,2,0,0,0,0,0,0,2.24,2.53,772.81,2.59,52871cd8-c451-4417-b658-135e85f7adb5,1
2848,STREAM_LIMIT,TXN_RR,TXN_RR@RR,REPEATABLE READ,NORMAL,2,16,1,0,2,0,0,0,0,0,0,2.6,2.81,686.86,2.91,52871cd8-c451-4417-b658-135e85f7adb5,2
2849,STREAM_LIMIT,TXN_RR,TXN_RR@RR,REPEATABLE READ,NORMAL,2,16,1,0,2,0,0,0,0,0,0,2.26,2.47,787.16,2.54,52871cd8-c451-4417-b658-135e85f7adb5,3
2850,STREAM_LIMIT,TXN_RR,TXN_RR@RR,REPEATABLE READ,NORMAL,2,16,1,0,2,0,0,0,0,0,0,2.28,2.55,750.26,2.67,52871cd8-c451-4417-b658-135e85f7adb5,4
2851,STREAM_LIMIT,TXN_RR,TXN_RR@RR,REPEATABLE READ,NORMAL,2,16,1,0,2,0,0,0,0,0,0,2.2,2.49,775.86,2.58,52871cd8-c451-4417-b658-135e85f7adb5,5
2852,STREAM_LIMIT,TXN_RR,TXN_RR@RR,REPEATABLE READ,NORMAL,2,16,1,0,2,0,0,0,0,0,0,2.71,7.59,261.22,7.66,52871cd8-c451-4417-b658-135e85f7adb5,6
2853,STREAM_LIMIT,TXN_RR,TXN_RR@RR,REPEATABLE READ,NORMAL,2,16,1,0,2,0,0,0,0,0,0,2.3,2.4,814.65,2.46,52871cd8-c451-4417-b658-135e85f7adb5,7
2854,STREAM_LIMIT,TXN_RR,TXN_RR@RR,REPEATABLE READ,NORMAL,2,16,1,0,2,0,0,0,0,0,0,2.14,2.36,827.76,2.42,52871cd8-c451-4417-b658-135e85f7adb5,8
2855,STREAM_LIMIT,TXN_RR,TXN_RR@RR,REPEATABLE READ,NORMAL,2,16,1,0,2,0,0,0,0,0,0,2.12,2.24,877.98,2.28,52871cd8-c451-4417-b658-135e85f7adb5,9
2856,STREAM_LIMIT,TXN_RR,TXN_RR@RR,REPEATABLE READ,NORMAL,2,16,1,0,2,0,0,0,0,0,0,2.06,2.07,938.78,2.13,52871cd8-c451-4417-b658-135e85f7adb5,10
2857,STREAM_LIMIT,TXN_RR,TXN_RR@RR,REPEATABLE READ,NORMAL,2,16,1,20,2,0,0,0,0,0,0,22.91,23.25,86.02,23.25,52871cd8-c451-4417-b658-135e85f7adb5,1
2858,STREAM_LIMIT,TXN_RR,TXN_RR@RR,REPEATABLE READ,NORMAL,2,16,1,20,2,0,0,0,0,0,0,24.15,24.29,82.04,24.38,52871cd8-c451-4417-b658-135e85f7adb5,2
2859,STREAM_LIMIT,TXN_RR,TXN_RR@RR,REPEATABLE READ,NORMAL,2,16,1,20,2,0,0,0,0,0,0,23.54,23.95,83.49,23.95,52871cd8-c451-4417-b658-135e85f7adb5,3
2860,STREAM_LIMIT,TXN_RR,TXN_RR@RR,REPEATABLE READ,NORMAL,2,16,1,20,2,0,0,0,0,0,0,24.25,24.73,80.7,24.78,52871cd8-c451-4417-b658-135e85f7adb5,4
2861,STREAM_LIMIT,TXN_RR,TXN_RR@RR,REPEATABLE READ,NORMAL,2,16,1,20,2,0,0,0,0,0,0,25.54,25.58,77.99,25.64,52871cd8-c451-4417-b658-135e85f7adb5,5
2862,STREAM_LIMIT,TXN_RR,TXN_RR@RR,REPEATABLE READ,NORMAL,2,16,1,20,2,0,0,0,0,0,0,24.49,24.81,80.59,24.82,52871cd8-c451-4417-b658-135e85f7adb5,6
2863,STREAM_LIMIT,TXN_RR,TXN_RR@RR,REPEATABLE READ,NORMAL,2,16,1,20,2,0,0,0,0,0,0,24.2,24.42,81.88,24.43,52871cd8-c451-4417-b658-135e85f7adb5,7
2864,STREAM_LIMIT,TXN_RR,TXN_RR@RR,REPEATABLE READ,NORMAL,2,16,1,20,2,0,0,0,0,0,0,24.71,24.85,80.17,24.95,52871cd8-c451-4417-b658-135e85f7adb5,8
2865,STREAM_LIMIT,TXN_RR,TXN_RR@RR,REPEATABLE READ,NORMAL,2,16,1,20,2,0,0,0,0,0,0,24.27,24.54,81.22,24.62,52871cd8-c451-4417-b658-135e85f7adb5,9
2866,STREAM_LIMIT,TXN_RR,TXN_RR@RR,REPEATABLE READ,NORMAL,2,16,1,20,2,0,0,0,0,0,0,24.23,24.46,81.41,24.57,52871cd8-c451-4417-b658-135e85f7adb5,10
2867,STREAM_LIMIT,TXN_RR,TXN_RR@RR,REPEATABLE READ,NORMAL,8,1,1,0,8,0,0,0,0,0,7,6.18,9.86,800.6,9.99,52871cd8-c451-4417-b658-135e85f7adb5,1
2868,STREAM_LIMIT,TXN_RR,TXN_RR@RR,REPEATABLE READ,NORMAL,8,1,1,0,8,0,0,0,0,0,7,5.83,9.65,812.35,9.85,52871cd8-c451-4417-b658-135e85f7adb5,2
2869,STREAM_LIMIT,TXN_RR,TXN_RR@RR,REPEATABLE READ,NORMAL,8,1,1,0,8,0,0,0,0,0,7,5.96,9.08,858.58,9.32,52871cd8-c451-4417-b658-135e85f7adb5,3
2870,STREAM_LIMIT,TXN_RR,TXN_RR@RR,REPEATABLE READ,NORMAL,8,1,1,0,8,0,0,0,0,0,7,5.49,9.66,823.67,9.71,52871cd8-c451-4417-b658-135e85f7adb5,4
2871,STREAM_LIMIT,TXN_RR,TXN_RR@RR,REPEATABLE READ,NORMAL,8,1,1,0,8,0,0,0,0,0,7,5.58,9.05,860.86,9.29,52871cd8-c451-4417-b658-135e85f7adb5,5
2872,STREAM_LIMIT,TXN_RR,TXN_RR@RR,REPEATABLE READ,NORMAL,8,1,1,0,8,0,0,0,0,0,7,6.57,10.07,779.77,10.26,52871cd8-c451-4417-b658-135e85f7adb5,6
2873,STREAM_LIMIT,TXN_RR,TXN_RR@RR,REPEATABLE READ,NORMAL,8,1,1,0,8,0,0,0,0,0,7,5.46,8.96,872.66,9.17,52871cd8-c451-4417-b658-135e85f7adb5,7
2874,STREAM_LIMIT,TXN_RR,TXN_RR@RR,REPEATABLE READ,NORMAL,8,1,1,0,8,0,0,0,0,0,7,5.53,8.83,884.22,9.05,52871cd8-c451-4417-b658-135e85f7adb5,8
2875,STREAM_LIMIT,TXN_RR,TXN_RR@RR,REPEATABLE READ,NORMAL,8,1,1,0,8,0,0,0,0,0,7,7.87,11.15,703.3,11.37,52871cd8-c451-4417-b658-135e85f7adb5,9
2876,STREAM_LIMIT,TXN_RR,TXN_RR@RR,REPEATABLE READ,NORMAL,8,1,1,0,8,0,0,0,0,0,7,7.55,12.78,615.99,12.99,52871cd8-c451-4417-b658-135e85f7adb5,10
2877,STREAM_LIMIT,TXN_RR,TXN_RR@RR,REPEATABLE READ,NORMAL,8,1,1,20,8,0,0,0,0,0,7,28.79,32.37,245.25,32.62,52871cd8-c451-4417-b658-135e85f7adb5,1
2878,STREAM_LIMIT,TXN_RR,TXN_RR@RR,REPEATABLE READ,NORMAL,8,1,1,20,8,0,0,0,0,0,7,27.63,31.97,248.4,32.21,52871cd8-c451-4417-b658-135e85f7adb5,2
2879,STREAM_LIMIT,TXN_RR,TXN_RR@RR,REPEATABLE READ,NORMAL,8,1,1,20,8,0,0,0,0,0,7,26.72,30.58,259.25,30.86,52871cd8-c451-4417-b658-135e85f7adb5,3
2880,STREAM_LIMIT,TXN_RR,TXN_RR@RR,REPEATABLE READ,NORMAL,8,1,1,20,8,0,0,0,0,0,7,27.6,31.52,251.24,31.84,52871cd8-c451-4417-b658-135e85f7adb5,4
2881,STREAM_LIMIT,TXN_RR,TXN_RR@RR,REPEATABLE READ,NORMAL,8,1,1,20,8,0,0,0,0,0,7,27.4,30.8,257.67,31.05,52871cd8-c451-4417-b658-135e85f7adb5,5
2882,STREAM_LIMIT,TXN_RR,TXN_RR@RR,REPEATABLE READ,NORMAL,8,1,1,20,8,0,0,0,0,0,7,28.7,32.51,244.73,32.69,52871cd8-c451-4417-b658-135e85f7adb5,6
2883,STREAM_LIMIT,TXN_RR,TXN_RR@RR,REPEATABLE READ,NORMAL,8,1,1,20,8,0,0,0,0,0,7,28.01,32.08,246.75,32.42,52871cd8-c451-4417-b658-135e85f7adb5,7
2884,STREAM_LIMIT,TXN_RR,TXN_RR@RR,REPEATABLE READ,NORMAL,8,1,1,20,8,0,0,0,0,0,7,29.72,33.18,238.82,33.5,52871cd8-c451-4417-b658-135e85f7adb5,8
2885,STREAM_LIMIT,TXN_RR,TXN_RR@RR,REPEATABLE READ,NORMAL,8,1,1,20,8,0,0,0,0,0,7,27.96,32.01,248.35,32.21,52871cd8-c451-4417-b658-135e85f7adb5,9
2886,STREAM_LIMIT,TXN_RR,TXN_RR@RR,REPEATABLE READ,NORMAL,8,1,1,20,8,0,0,0,0,0,7,26.44,31.4,252.11,31.73,52871cd8-c451-4417-b658-135e85f7adb5,10
2887,STREAM_LIMIT,TXN_RR,TXN_RR@RR,REPEATABLE READ,NORMAL,8,16,1,0,8,0,0,0,0,0,0,3.92,4.17,1887.98,4.24,52871cd8-c451-4417-b658-135e85f7adb5,1
2888,STREAM_LIMIT,TXN_RR,TXN_RR@RR,REPEATABLE READ,NORMAL,8,16,1,0,8,0,0,0,0,0,0,3.82,4,1960.22,4.08,52871cd8-c451-4417-b658-135e85f7adb5,2
2889,STREAM_LIMIT,TXN_RR,TXN_RR@RR,REPEATABLE READ,NORMAL,8,16,1,0,8,0,0,0,0,0,0,3.66,3.91,1929.61,4.15,52871cd8-c451-4417-b658-135e85f7adb5,3
2890,STREAM_LIMIT,TXN_RR,TXN_RR@RR,REPEATABLE READ,NORMAL,8,16,1,0,8,0,0,0,0,0,0,3.57,3.67,2122.65,3.77,52871cd8-c451-4417-b658-135e85f7adb5,4
2891,STREAM_LIMIT,TXN_RR,TXN_RR@RR,REPEATABLE READ,NORMAL,8,16,1,0,8,0,0,0,0,0,0,3.71,4.07,1889.84,4.23,52871cd8-c451-4417-b658-135e85f7adb5,5
2892,STREAM_LIMIT,TXN_RR,TXN_RR@RR,REPEATABLE READ,NORMAL,8,16,1,0,8,0,0,0,0,0,0,3.97,4.14,1845.92,4.33,52871cd8-c451-4417-b658-135e85f7adb5,6
2893,STREAM_LIMIT,TXN_RR,TXN_RR@RR,REPEATABLE READ,NORMAL,8,16,1,0,8,0,0,0,0,0,0,3.89,4.06,1850.94,4.32,52871cd8-c451-4417-b658-135e85f7adb5,7
2894,STREAM_LIMIT,TXN_RR,TXN_RR@RR,REPEATABLE READ,NORMAL,8,16,1,0,8,0,0,0,0,0,0,3.79,3.96,2000.63,4,52871cd8-c451-4417-b658-135e85f7adb5,8
2895,STREAM_LIMIT,TXN_RR,TXN_RR@RR,REPEATABLE READ,NORMAL,8,16,1,0,8,0,0,0,0,0,0,3.79,4.08,1908.21,4.19,52871cd8-c451-4417-b658-135e85f7adb5,9
2896,STREAM_LIMIT,TXN_RR,TXN_RR@RR,REPEATABLE READ,NORMAL,8,16,1,0,8,0,0,0,0,0,0,4.15,4.32,1834.07,4.36,52871cd8-c451-4417-b658-135e85f7adb5,10
2897,STREAM_LIMIT,TXN_RR,TXN_RR@RR,REPEATABLE READ,NORMAL,8,16,1,20,8,0,0,0,0,0,0,24.66,24.83,321.76,24.86,52871cd8-c451-4417-b658-135e85f7adb5,1
2898,STREAM_LIMIT,TXN_RR,TXN_RR@RR,REPEATABLE READ,NORMAL,8,16,1,20,8,0,0,0,0,0,0,25.64,25.8,307.32,26.03,52871cd8-c451-4417-b658-135e85f7adb5,2
2899,STREAM_LIMIT,TXN_RR,TXN_RR@RR,REPEATABLE READ,NORMAL,8,16,1,20,8,0,0,0,0,0,0,24.59,24.78,321.62,24.87,52871cd8-c451-4417-b658-135e85f7adb5,3
2900,STREAM_LIMIT,TXN_RR,TXN_RR@RR,REPEATABLE READ,NORMAL,8,16,1,20,8,0,0,0,0,0,0,25.78,25.87,306.95,26.06,52871cd8-c451-4417-b658-135e85f7adb5,4
2901,STREAM_LIMIT,TXN_RR,TXN_RR@RR,REPEATABLE READ,NORMAL,8,16,1,20,8,0,0,0,0,0,0,25.48,25.81,308.83,25.9,52871cd8-c451-4417-b658-135e85f7adb5,5
2902,STREAM_LIMIT,TXN_RR,TXN_RR@RR,REPEATABLE READ,NORMAL,8,16,1,20,8,0,0,0,0,0,0,24.88,25.21,317.09,25.23,52871cd8-c451-4417-b658-135e85f7adb5,6
2903,STREAM_LIMIT,TXN_RR,TXN_RR@RR,REPEATABLE READ,NORMAL,8,16,1,20,8,0,0,0,0,0,0,25.89,25.97,307.21,26.04,52871cd8-c451-4417-b658-135e85f7adb5,7
2904,STREAM_LIMIT,TXN_RR,TXN_RR@RR,REPEATABLE READ,NORMAL,8,16,1,20,8,0,0,0,0,0,0,26.12,26.36,303.27,26.38,52871cd8-c451-4417-b658-135e85f7adb5,8
2905,STREAM_LIMIT,TXN_RR,TXN_RR@RR,REPEATABLE READ,NORMAL,8,16,1,20,8,0,0,0,0,0,0,26.02,26.23,304.01,26.32,52871cd8-c451-4417-b658-135e85f7adb5,9
2906,STREAM_LIMIT,TXN_RR,TXN_RR@RR,REPEATABLE READ,NORMAL,8,16,1,20,8,0,0,0,0,0,0,26.22,26.51,301.47,26.54,52871cd8-c451-4417-b658-135e85f7adb5,10
2907,STREAM_LIMIT,TXN_RR,TXN_RR@RR,REPEATABLE READ,NORMAL,32,1,1,0,32,0,0,0,0,0,31,26.31,43.82,701.28,45.63,52871cd8-c451-4417-b658-135e85f7adb5,1
2908,STREAM_LIMIT,TXN_RR,TXN_RR@RR,REPEATABLE READ,NORMAL,32,1,1,0,32,0,0,0,0,0,31,25.58,41.44,743.87,43.02,52871cd8-c451-4417-b658-135e85f7adb5,2
2909,STREAM_LIMIT,TXN_RR,TXN_RR@RR,REPEATABLE READ,NORMAL,32,1,1,0,32,0,0,0,0,0,31,25.52,41.72,736.69,43.44,52871cd8-c451-4417-b658-135e85f7adb5,3
2910,STREAM_LIMIT,TXN_RR,TXN_RR@RR,REPEATABLE READ,NORMAL,32,1,1,0,32,0,0,0,0,0,31,27.13,43.88,700.15,45.7,52871cd8-c451-4417-b658-135e85f7adb5,4
2911,STREAM_LIMIT,TXN_RR,TXN_RR@RR,REPEATABLE READ,NORMAL,32,1,1,0,32,0,0,0,0,0,31,22.52,36.16,833.02,38.41,52871cd8-c451-4417-b658-135e85f7adb5,5
2912,STREAM_LIMIT,TXN_RR,TXN_RR@RR,REPEATABLE READ,NORMAL,32,1,1,0,32,0,0,0,0,0,31,21.75,37.62,814.22,39.3,52871cd8-c451-4417-b658-135e85f7adb5,6
2913,STREAM_LIMIT,TXN_RR,TXN_RR@RR,REPEATABLE READ,NORMAL,32,1,1,0,32,0,0,0,0,0,31,41.96,58.76,528.61,60.54,52871cd8-c451-4417-b658-135e85f7adb5,7
2914,STREAM_LIMIT,TXN_RR,TXN_RR@RR,REPEATABLE READ,NORMAL,32,1,1,0,32,0,0,0,0,0,31,24.22,38.81,790.6,40.48,52871cd8-c451-4417-b658-135e85f7adb5,8
2915,STREAM_LIMIT,TXN_RR,TXN_RR@RR,REPEATABLE READ,NORMAL,32,1,1,0,32,0,0,0,0,0,31,25.74,40.48,758.41,42.19,52871cd8-c451-4417-b658-135e85f7adb5,9
2916,STREAM_LIMIT,TXN_RR,TXN_RR@RR,REPEATABLE READ,NORMAL,32,1,1,0,32,0,0,0,0,0,31,24.26,38.77,793.06,40.35,52871cd8-c451-4417-b658-135e85f7adb5,10
2917,STREAM_LIMIT,TXN_RR,TXN_RR@RR,REPEATABLE READ,NORMAL,32,1,1,20,32,0,0,0,0,0,31,43.5,59.48,523.97,61.07,52871cd8-c451-4417-b658-135e85f7adb5,1
2918,STREAM_LIMIT,TXN_RR,TXN_RR@RR,REPEATABLE READ,NORMAL,32,1,1,20,32,0,0,0,0,0,31,47.58,63.13,491.74,65.08,52871cd8-c451-4417-b658-135e85f7adb5,2
2919,STREAM_LIMIT,TXN_RR,TXN_RR@RR,REPEATABLE READ,NORMAL,32,1,1,20,32,0,0,0,0,0,31,43.42,61.05,510.43,62.69,52871cd8-c451-4417-b658-135e85f7adb5,3
2920,STREAM_LIMIT,TXN_RR,TXN_RR@RR,REPEATABLE READ,NORMAL,32,1,1,20,32,0,0,0,0,0,31,47,61.57,499.59,64.05,52871cd8-c451-4417-b658-135e85f7adb5,4
2921,STREAM_LIMIT,TXN_RR,TXN_RR@RR,REPEATABLE READ,NORMAL,32,1,1,20,32,0,0,0,0,0,31,44.56,58.58,530.5,60.32,52871cd8-c451-4417-b658-135e85f7adb5,5
2922,STREAM_LIMIT,TXN_RR,TXN_RR@RR,REPEATABLE READ,NORMAL,32,1,1,20,32,0,0,0,0,0,31,48.12,63.47,488.15,65.55,52871cd8-c451-4417-b658-135e85f7adb5,6
2923,STREAM_LIMIT,TXN_RR,TXN_RR@RR,REPEATABLE READ,NORMAL,32,1,1,20,32,0,0,0,0,0,31,46.55,63.58,493.3,64.87,52871cd8-c451-4417-b658-135e85f7adb5,7
2924,STREAM_LIMIT,TXN_RR,TXN_RR@RR,REPEATABLE READ,NORMAL,32,1,1,20,32,0,0,0,0,0,31,44.47,59.52,519.78,61.56,52871cd8-c451-4417-b658-135e85f7adb5,8
2925,STREAM_LIMIT,TXN_RR,TXN_RR@RR,REPEATABLE READ,NORMAL,32,1,1,20,32,0,0,0,0,0,31,43.02,57.88,536.83,59.61,52871cd8-c451-4417-b658-135e85f7adb5,9
2926,STREAM_LIMIT,TXN_RR,TXN_RR@RR,REPEATABLE READ,NORMAL,32,1,1,20,32,0,0,0,0,0,31,43.46,57.94,534.7,59.85,52871cd8-c451-4417-b658-135e85f7adb5,10
2927,STREAM_LIMIT,TXN_RR,TXN_RR@RR,REPEATABLE READ,NORMAL,32,16,1,0,32,0,0,0,0,0,16,12.33,16.13,1879.15,17.03,52871cd8-c451-4417-b658-135e85f7adb5,1
2928,STREAM_LIMIT,TXN_RR,TXN_RR@RR,REPEATABLE READ,NORMAL,32,16,1,0,32,0,0,0,0,0,16,11.39,13.04,2319.34,13.8,52871cd8-c451-4417-b658-135e85f7adb5,2
2929,STREAM_LIMIT,TXN_RR,TXN_RR@RR,REPEATABLE READ,NORMAL,32,16,1,0,32,0,0,0,0,0,16,8.01,10.17,3108.12,10.3,52871cd8-c451-4417-b658-135e85f7adb5,3
2930,STREAM_LIMIT,TXN_RR,TXN_RR@RR,REPEATABLE READ,NORMAL,32,16,1,0,32,0,0,0,0,0,16,7.8,10.61,2972.92,10.76,52871cd8-c451-4417-b658-135e85f7adb5,4
2931,STREAM_LIMIT,TXN_RR,TXN_RR@RR,REPEATABLE READ,NORMAL,32,16,1,0,32,0,0,0,0,0,16,7.99,10.19,3062.16,10.45,52871cd8-c451-4417-b658-135e85f7adb5,5
2932,STREAM_LIMIT,TXN_RR,TXN_RR@RR,REPEATABLE READ,NORMAL,32,16,1,0,32,0,0,0,0,0,16,8.77,10.44,3023.59,10.58,52871cd8-c451-4417-b658-135e85f7adb5,6
2933,STREAM_LIMIT,TXN_RR,TXN_RR@RR,REPEATABLE READ,NORMAL,32,16,1,0,32,0,0,0,0,0,16,10.65,12.37,2558.67,12.51,52871cd8-c451-4417-b658-135e85f7adb5,7
2934,STREAM_LIMIT,TXN_RR,TXN_RR@RR,REPEATABLE READ,NORMAL,32,16,1,0,32,0,0,0,0,0,16,8.81,10.89,2904.71,11.02,52871cd8-c451-4417-b658-135e85f7adb5,8
2935,STREAM_LIMIT,TXN_RR,TXN_RR@RR,REPEATABLE READ,NORMAL,32,16,1,0,32,0,0,0,0,0,16,9.27,11.43,2769.04,11.56,52871cd8-c451-4417-b658-135e85f7adb5,9
2936,STREAM_LIMIT,TXN_RR,TXN_RR@RR,REPEATABLE READ,NORMAL,32,16,1,0,32,0,0,0,0,0,16,8.71,11.09,2838.25,11.27,52871cd8-c451-4417-b658-135e85f7adb5,10
2937,STREAM_LIMIT,TXN_RR,TXN_RR@RR,REPEATABLE READ,NORMAL,32,16,1,20,32,0,0,0,0,0,16,28.5,30.76,1039.42,30.79,52871cd8-c451-4417-b658-135e85f7adb5,1
2938,STREAM_LIMIT,TXN_RR,TXN_RR@RR,REPEATABLE READ,NORMAL,32,16,1,20,32,0,0,0,0,0,16,27.39,29.39,1081.4,29.59,52871cd8-c451-4417-b658-135e85f7adb5,2
2939,STREAM_LIMIT,TXN_RR,TXN_RR@RR,REPEATABLE READ,NORMAL,32,16,1,20,32,0,0,0,0,0,16,29.52,31.85,999.19,32.03,52871cd8-c451-4417-b658-135e85f7adb5,3
2940,STREAM_LIMIT,TXN_RR,TXN_RR@RR,REPEATABLE READ,NORMAL,32,16,1,20,32,0,0,0,0,0,16,31.57,33.55,946.34,33.81,52871cd8-c451-4417-b658-135e85f7adb5,4
2941,STREAM_LIMIT,TXN_RR,TXN_RR@RR,REPEATABLE READ,NORMAL,32,16,1,20,32,0,0,0,0,0,16,29.98,32.18,989.48,32.34,52871cd8-c451-4417-b658-135e85f7adb5,5
2942,STREAM_LIMIT,TXN_RR,TXN_RR@RR,REPEATABLE READ,NORMAL,32,16,1,20,32,0,0,0,0,0,16,29.49,32.48,981.05,32.62,52871cd8-c451-4417-b658-135e85f7adb5,6
2943,STREAM_LIMIT,TXN_RR,TXN_RR@RR,REPEATABLE READ,NORMAL,32,16,1,20,32,0,0,0,0,0,16,28.5,31.22,1023.29,31.27,52871cd8-c451-4417-b658-135e85f7adb5,7
2944,STREAM_LIMIT,TXN_RR,TXN_RR@RR,REPEATABLE READ,NORMAL,32,16,1,20,32,0,0,0,0,0,16,31.51,33.8,942.42,33.96,52871cd8-c451-4417-b658-135e85f7adb5,8
2945,STREAM_LIMIT,TXN_RR,TXN_RR@RR,REPEATABLE READ,NORMAL,32,16,1,20,32,0,0,0,0,0,16,29.72,31.7,1003.3,31.89,52871cd8-c451-4417-b658-135e85f7adb5,9
2946,STREAM_LIMIT,TXN_RR,TXN_RR@RR,REPEATABLE READ,NORMAL,32,16,1,20,32,0,0,0,0,0,16,30.98,34.33,927.02,34.52,52871cd8-c451-4417-b658-135e85f7adb5,10
2947,STREAM_LIMIT,TXN_RR,TXN_RR@RR,REPEATABLE READ,NORMAL,64,1,1,0,64,0,0,0,0,0,63,37.35,63.91,949.74,67.39,52871cd8-c451-4417-b658-135e85f7adb5,1
2948,STREAM_LIMIT,TXN_RR,TXN_RR@RR,REPEATABLE READ,NORMAL,64,1,1,0,64,0,0,0,0,0,63,38.22,63.06,944.88,67.73,52871cd8-c451-4417-b658-135e85f7adb5,2
2949,STREAM_LIMIT,TXN_RR,TXN_RR@RR,REPEATABLE READ,NORMAL,64,1,1,0,64,0,0,0,0,0,63,38.4,64.05,934.78,68.47,52871cd8-c451-4417-b658-135e85f7adb5,3
2950,STREAM_LIMIT,TXN_RR,TXN_RR@RR,REPEATABLE READ,NORMAL,64,1,1,0,64,0,0,0,0,0,63,39.49,76.46,785.88,81.44,52871cd8-c451-4417-b658-135e85f7adb5,4
2951,STREAM_LIMIT,TXN_RR,TXN_RR@RR,REPEATABLE READ,NORMAL,64,1,1,0,64,0,0,0,0,0,63,50.05,74.78,820.62,77.99,52871cd8-c451-4417-b658-135e85f7adb5,5
2952,STREAM_LIMIT,TXN_RR,TXN_RR@RR,REPEATABLE READ,NORMAL,64,1,1,0,64,0,0,0,0,0,63,36.33,61.15,999.54,64.03,52871cd8-c451-4417-b658-135e85f7adb5,6
2953,STREAM_LIMIT,TXN_RR,TXN_RR@RR,REPEATABLE READ,NORMAL,64,1,1,0,64,0,0,0,0,0,63,36.43,60.44,1014.52,63.08,52871cd8-c451-4417-b658-135e85f7adb5,7
2954,STREAM_LIMIT,TXN_RR,TXN_RR@RR,REPEATABLE READ,NORMAL,64,1,1,0,64,0,0,0,0,0,63,34.52,60.23,1008.99,63.43,52871cd8-c451-4417-b658-135e85f7adb5,8
2955,STREAM_LIMIT,TXN_RR,TXN_RR@RR,REPEATABLE READ,NORMAL,64,1,1,0,64,0,0,0,0,0,63,40.91,63.59,947.38,67.55,52871cd8-c451-4417-b658-135e85f7adb5,9
2956,STREAM_LIMIT,TXN_RR,TXN_RR@RR,REPEATABLE READ,NORMAL,64,1,1,0,64,0,0,0,0,0,63,33.82,56.85,1069.26,59.85,52871cd8-c451-4417-b658-135e85f7adb5,10
2957,STREAM_LIMIT,TXN_RR,TXN_RR@RR,REPEATABLE READ,NORMAL,64,1,1,20,64,0,0,0,0,0,63,56.82,81.06,765.27,83.63,52871cd8-c451-4417-b658-135e85f7adb5,1
2958,STREAM_LIMIT,TXN_RR,TXN_RR@RR,REPEATABLE READ,NORMAL,64,1,1,20,64,0,0,0,0,0,63,60.03,86.65,712.05,89.88,52871cd8-c451-4417-b658-135e85f7adb5,2
2959,STREAM_LIMIT,TXN_RR,TXN_RR@RR,REPEATABLE READ,NORMAL,64,1,1,20,64,0,0,0,0,0,63,65.17,91.37,671.16,95.36,52871cd8-c451-4417-b658-135e85f7adb5,3
2960,STREAM_LIMIT,TXN_RR,TXN_RR@RR,REPEATABLE READ,NORMAL,64,1,1,20,64,0,0,0,0,0,63,63.2,87.04,704.96,90.79,52871cd8-c451-4417-b658-135e85f7adb5,4
2961,STREAM_LIMIT,TXN_RR,TXN_RR@RR,REPEATABLE READ,NORMAL,64,1,1,20,64,0,0,0,0,0,63,63.68,91.38,666.01,96.09,52871cd8-c451-4417-b658-135e85f7adb5,5
2962,STREAM_LIMIT,TXN_RR,TXN_RR@RR,REPEATABLE READ,NORMAL,64,1,1,20,64,0,0,0,0,0,63,62.55,97.8,628.23,101.87,52871cd8-c451-4417-b658-135e85f7adb5,6
2963,STREAM_LIMIT,TXN_RR,TXN_RR@RR,REPEATABLE READ,NORMAL,64,1,1,20,64,0,0,0,0,0,63,64.88,90.3,673.13,95.08,52871cd8-c451-4417-b658-135e85f7adb5,7
2964,STREAM_LIMIT,TXN_RR,TXN_RR@RR,REPEATABLE READ,NORMAL,64,1,1,20,64,0,0,0,0,0,63,63.37,87.6,696.69,91.86,52871cd8-c451-4417-b658-135e85f7adb5,8
2965,STREAM_LIMIT,TXN_RR,TXN_RR@RR,REPEATABLE READ,NORMAL,64,1,1,20,64,0,0,0,0,0,63,60.16,87.66,695,92.09,52871cd8-c451-4417-b658-135e85f7adb5,9
2966,STREAM_LIMIT,TXN_RR,TXN_RR@RR,REPEATABLE READ,NORMAL,64,1,1,20,64,0,0,0,0,0,63,65.87,93.53,653.04,98,52871cd8-c451-4417-b658-135e85f7adb5,10
2967,STREAM_LIMIT,TXN_RR,TXN_RR@RR,REPEATABLE READ,NORMAL,64,16,1,0,64,0,0,0,0,0,48,20.26,24.34,2482.7,25.78,52871cd8-c451-4417-b658-135e85f7adb5,1
2968,STREAM_LIMIT,TXN_RR,TXN_RR@RR,REPEATABLE READ,NORMAL,64,16,1,0,64,0,0,0,0,0,48,14.16,20.12,3130.35,20.45,52871cd8-c451-4417-b658-135e85f7adb5,2
2969,STREAM_LIMIT,TXN_RR,TXN_RR@RR,REPEATABLE READ,NORMAL,64,16,1,0,64,0,0,0,0,0,48,16.25,21.58,2905.73,22.03,52871cd8-c451-4417-b658-135e85f7adb5,3
2970,STREAM_LIMIT,TXN_RR,TXN_RR@RR,REPEATABLE READ,NORMAL,64,16,1,0,64,0,0,0,0,0,48,14.82,19.61,3192.41,20.05,52871cd8-c451-4417-b658-135e85f7adb5,4
2971,STREAM_LIMIT,TXN_RR,TXN_RR@RR,REPEATABLE READ,NORMAL,64,16,1,0,64,0,0,0,0,0,48,14.79,19.66,3180.9,20.12,52871cd8-c451-4417-b658-135e85f7adb5,5
2972,STREAM_LIMIT,TXN_RR,TXN_RR@RR,REPEATABLE READ,NORMAL,64,16,1,0,64,0,0,0,0,0,48,15.8,20.43,3089.42,20.72,52871cd8-c451-4417-b658-135e85f7adb5,6
2973,STREAM_LIMIT,TXN_RR,TXN_RR@RR,REPEATABLE READ,NORMAL,64,16,1,0,64,0,0,0,0,0,48,15,20.31,3087.34,20.73,52871cd8-c451-4417-b658-135e85f7adb5,7
2974,STREAM_LIMIT,TXN_RR,TXN_RR@RR,REPEATABLE READ,NORMAL,64,16,1,0,64,0,0,0,0,0,48,15.75,21.15,2991.41,21.39,52871cd8-c451-4417-b658-135e85f7adb5,8
2975,STREAM_LIMIT,TXN_RR,TXN_RR@RR,REPEATABLE READ,NORMAL,64,16,1,0,64,0,0,0,0,0,48,14.67,19.94,3178.75,20.13,52871cd8-c451-4417-b658-135e85f7adb5,9
2976,STREAM_LIMIT,TXN_RR,TXN_RR@RR,REPEATABLE READ,NORMAL,64,16,1,0,64,0,0,0,0,0,48,17.48,22.1,2844.34,22.5,52871cd8-c451-4417-b658-135e85f7adb5,10
2977,STREAM_LIMIT,TXN_RR,TXN_RR@RR,REPEATABLE READ,NORMAL,64,16,1,20,64,0,0,0,0,0,48,35.21,39.75,1593.79,40.16,52871cd8-c451-4417-b658-135e85f7adb5,1
2978,STREAM_LIMIT,TXN_RR,TXN_RR@RR,REPEATABLE READ,NORMAL,64,16,1,20,64,0,0,0,0,0,48,37.45,42.59,1489.68,42.96,52871cd8-c451-4417-b658-135e85f7adb5,2
2979,STREAM_LIMIT,TXN_RR,TXN_RR@RR,REPEATABLE READ,NORMAL,64,16,1,20,64,0,0,0,0,0,48,35.09,41.11,1541.72,41.51,52871cd8-c451-4417-b658-135e85f7adb5,3
2980,STREAM_LIMIT,TXN_RR,TXN_RR@RR,REPEATABLE READ,NORMAL,64,16,1,20,64,0,0,0,0,0,48,36.23,41.94,1513.32,42.29,52871cd8-c451-4417-b658-135e85f7adb5,4
2981,STREAM_LIMIT,TXN_RR,TXN_RR@RR,REPEATABLE READ,NORMAL,64,16,1,20,64,0,0,0,0,0,48,34.2,39.55,1600.59,39.99,52871cd8-c451-4417-b658-135e85f7adb5,5
2982,STREAM_LIMIT,TXN_RR,TXN_RR@RR,REPEATABLE READ,NORMAL,64,16,1,20,64,0,0,0,0,0,48,33.79,38.72,1637.35,39.09,52871cd8-c451-4417-b658-135e85f7adb5,6
2983,STREAM_LIMIT,TXN_RR,TXN_RR@RR,REPEATABLE READ,NORMAL,64,16,1,20,64,0,0,0,0,0,48,34.8,40,1585.03,40.38,52871cd8-c451-4417-b658-135e85f7adb5,7
2984,STREAM_LIMIT,TXN_RR,TXN_RR@RR,REPEATABLE READ,NORMAL,64,16,1,20,64,0,0,0,0,0,48,34.06,38.37,1649.91,38.79,52871cd8-c451-4417-b658-135e85f7adb5,8
2985,STREAM_LIMIT,TXN_RR,TXN_RR@RR,REPEATABLE READ,NORMAL,64,16,1,20,64,0,0,0,0,0,48,34.38,39.59,1607.69,39.81,52871cd8-c451-4417-b658-135e85f7adb5,9
2986,STREAM_LIMIT,TXN_RR,TXN_RR@RR,REPEATABLE READ,NORMAL,64,16,1,20,64,0,0,0,0,0,48,34.49,39.19,1615.61,39.61,52871cd8-c451-4417-b658-135e85f7adb5,10
2987,STREAM_LIMIT,TXN_RR,TXN_RR@RC,READ COMMITTED,NORMAL,2,1,1,0,2,0,0,0,0,0,1,2.28,3.01,660.65,3.03,52871cd8-c451-4417-b658-135e85f7adb5,1
2988,STREAM_LIMIT,TXN_RR,TXN_RR@RC,READ COMMITTED,NORMAL,2,1,1,0,2,0,0,0,0,0,1,1.77,2.52,789.25,2.53,52871cd8-c451-4417-b658-135e85f7adb5,2
2989,STREAM_LIMIT,TXN_RR,TXN_RR@RC,READ COMMITTED,NORMAL,2,1,1,0,2,0,0,0,0,0,1,1.82,2.66,750.83,2.66,52871cd8-c451-4417-b658-135e85f7adb5,3
2990,STREAM_LIMIT,TXN_RR,TXN_RR@RC,READ COMMITTED,NORMAL,2,1,1,0,2,0,0,0,0,0,1,2,2.77,722.52,2.77,52871cd8-c451-4417-b658-135e85f7adb5,4
2991,STREAM_LIMIT,TXN_RR,TXN_RR@RC,READ COMMITTED,NORMAL,2,1,1,0,2,0,0,0,0,0,1,1.91,2.77,719.11,2.78,52871cd8-c451-4417-b658-135e85f7adb5,5
2992,STREAM_LIMIT,TXN_RR,TXN_RR@RC,READ COMMITTED,NORMAL,2,1,1,0,2,0,0,0,0,0,1,1.77,2.58,771.03,2.59,52871cd8-c451-4417-b658-135e85f7adb5,6
2993,STREAM_LIMIT,TXN_RR,TXN_RR@RC,READ COMMITTED,NORMAL,2,1,1,0,2,0,0,0,0,0,1,1.77,2.51,797.08,2.51,52871cd8-c451-4417-b658-135e85f7adb5,7
2994,STREAM_LIMIT,TXN_RR,TXN_RR@RC,READ COMMITTED,NORMAL,2,1,1,0,2,0,0,0,0,0,1,1.84,2.54,782.6,2.56,52871cd8-c451-4417-b658-135e85f7adb5,8
2995,STREAM_LIMIT,TXN_RR,TXN_RR@RC,READ COMMITTED,NORMAL,2,1,1,0,2,0,0,0,0,0,1,1.89,2.6,766.21,2.61,52871cd8-c451-4417-b658-135e85f7adb5,9
2996,STREAM_LIMIT,TXN_RR,TXN_RR@RC,READ COMMITTED,NORMAL,2,1,1,0,2,0,0,0,0,0,1,2.02,2.72,734.5,2.72,52871cd8-c451-4417-b658-135e85f7adb5,10
2997,STREAM_LIMIT,TXN_RR,TXN_RR@RC,READ COMMITTED,NORMAL,2,1,1,20,2,0,0,0,0,0,1,22.67,23.5,85.08,23.51,52871cd8-c451-4417-b658-135e85f7adb5,1
2998,STREAM_LIMIT,TXN_RR,TXN_RR@RC,READ COMMITTED,NORMAL,2,1,1,20,2,0,0,0,0,0,1,23.84,24.96,80.11,24.97,52871cd8-c451-4417-b658-135e85f7adb5,2
2999,STREAM_LIMIT,TXN_RR,TXN_RR@RC,READ COMMITTED,NORMAL,2,1,1,20,2,0,0,0,0,0,1,22.52,24.02,83.06,24.08,52871cd8-c451-4417-b658-135e85f7adb5,3
3000,STREAM_LIMIT,TXN_RR,TXN_RR@RC,READ COMMITTED,NORMAL,2,1,1,20,2,0,0,0,0,0,1,24.4,25.4,78.5,25.48,52871cd8-c451-4417-b658-135e85f7adb5,4
3001,STREAM_LIMIT,TXN_RR,TXN_RR@RC,READ COMMITTED,NORMAL,2,1,1,20,2,0,0,0,0,0,1,23.89,24.93,80.04,24.99,52871cd8-c451-4417-b658-135e85f7adb5,5
3002,STREAM_LIMIT,TXN_RR,TXN_RR@RC,READ COMMITTED,NORMAL,2,1,1,20,2,0,0,0,0,0,1,23.63,24.81,80.35,24.89,52871cd8-c451-4417-b658-135e85f7adb5,6
3003,STREAM_LIMIT,TXN_RR,TXN_RR@RC,READ COMMITTED,NORMAL,2,1,1,20,2,0,0,0,0,0,1,24.13,25.76,77.38,25.85,52871cd8-c451-4417-b658-135e85f7adb5,7
3004,STREAM_LIMIT,TXN_RR,TXN_RR@RC,READ COMMITTED,NORMAL,2,1,1,20,2,0,0,0,0,0,1,23.4,24.42,81.68,24.48,52871cd8-c451-4417-b658-135e85f7adb5,8
3005,STREAM_LIMIT,TXN_RR,TXN_RR@RC,READ COMMITTED,NORMAL,2,1,1,20,2,0,0,0,0,0,1,24.16,25.16,79.11,25.28,52871cd8-c451-4417-b658-135e85f7adb5,9
3006,STREAM_LIMIT,TXN_RR,TXN_RR@RC,READ COMMITTED,NORMAL,2,1,1,20,2,0,0,0,0,0,1,24.08,25.29,78.97,25.33,52871cd8-c451-4417-b658-135e85f7adb5,10
3007,STREAM_LIMIT,TXN_RR,TXN_RR@RC,READ COMMITTED,NORMAL,2,16,1,0,2,0,0,0,0,0,0,2.58,2.84,686.69,2.91,52871cd8-c451-4417-b658-135e85f7adb5,1
3008,STREAM_LIMIT,TXN_RR,TXN_RR@RC,READ COMMITTED,NORMAL,2,16,1,0,2,0,0,0,0,0,0,2.37,2.57,766.19,2.61,52871cd8-c451-4417-b658-135e85f7adb5,2
3009,STREAM_LIMIT,TXN_RR,TXN_RR@RC,READ COMMITTED,NORMAL,2,16,1,0,2,0,0,0,0,0,0,2.08,2.33,840.59,2.38,52871cd8-c451-4417-b658-135e85f7adb5,3
3010,STREAM_LIMIT,TXN_RR,TXN_RR@RC,READ COMMITTED,NORMAL,2,16,1,0,2,0,0,0,0,0,0,2.17,2.5,783.71,2.55,52871cd8-c451-4417-b658-135e85f7adb5,4
3011,STREAM_LIMIT,TXN_RR,TXN_RR@RC,READ COMMITTED,NORMAL,2,16,1,0,2,0,0,0,0,0,0,2.21,2.39,821.33,2.44,52871cd8-c451-4417-b658-135e85f7adb5,5
3012,STREAM_LIMIT,TXN_RR,TXN_RR@RC,READ COMMITTED,NORMAL,2,16,1,0,2,0,0,0,0,0,0,2.05,2.48,781.25,2.56,52871cd8-c451-4417-b658-135e85f7adb5,6
3013,STREAM_LIMIT,TXN_RR,TXN_RR@RC,READ COMMITTED,NORMAL,2,16,1,0,2,0,0,0,0,0,0,2.22,2.34,831.1,2.41,52871cd8-c451-4417-b658-135e85f7adb5,7
3014,STREAM_LIMIT,TXN_RR,TXN_RR@RC,READ COMMITTED,NORMAL,2,16,1,0,2,0,0,0,0,0,0,1.99,2.39,811.8,2.46,52871cd8-c451-4417-b658-135e85f7adb5,8
3015,STREAM_LIMIT,TXN_RR,TXN_RR@RC,READ COMMITTED,NORMAL,2,16,1,0,2,0,0,0,0,0,0,2.16,2.42,803.51,2.49,52871cd8-c451-4417-b658-135e85f7adb5,9
3016,STREAM_LIMIT,TXN_RR,TXN_RR@RC,READ COMMITTED,NORMAL,2,16,1,0,2,0,0,0,0,0,0,1.98,2.1,922.83,2.17,52871cd8-c451-4417-b658-135e85f7adb5,10
3017,STREAM_LIMIT,TXN_RR,TXN_RR@RC,READ COMMITTED,NORMAL,2,16,1,20,2,0,0,0,0,0,0,24.21,24.47,81.48,24.54,52871cd8-c451-4417-b658-135e85f7adb5,1
3018,STREAM_LIMIT,TXN_RR,TXN_RR@RC,READ COMMITTED,NORMAL,2,16,1,20,2,0,0,0,0,0,0,23.73,24.03,83.08,24.07,52871cd8-c451-4417-b658-135e85f7adb5,2
3019,STREAM_LIMIT,TXN_RR,TXN_RR@RC,READ COMMITTED,NORMAL,2,16,1,20,2,0,0,0,0,0,0,24.4,24.71,80.67,24.79,52871cd8-c451-4417-b658-135e85f7adb5,3
3020,STREAM_LIMIT,TXN_RR,TXN_RR@RC,READ COMMITTED,NORMAL,2,16,1,20,2,0,0,0,0,0,0,24.21,24.46,81.51,24.54,52871cd8-c451-4417-b658-135e85f7adb5,4
3021,STREAM_LIMIT,TXN_RR,TXN_RR@RC,READ COMMITTED,NORMAL,2,16,1,20,2,0,0,0,0,0,0,24.32,24.75,80.54,24.83,52871cd8-c451-4417-b658-135e85f7adb5,5
3022,STREAM_LIMIT,TXN_RR,TXN_RR@RC,READ COMMITTED,NORMAL,2,16,1,20,2,0,0,0,0,0,0,24.68,24.84,80.27,24.91,52871cd8-c451-4417-b658-135e85f7adb5,6
3023,STREAM_LIMIT,TXN_RR,TXN_RR@RC,READ COMMITTED,NORMAL,2,16,1,20,2,0,0,0,0,0,0,23.79,24.15,82.81,24.15,52871cd8-c451-4417-b658-135e85f7adb5,7
3024,STREAM_LIMIT,TXN_RR,TXN_RR@RC,READ COMMITTED,NORMAL,2,16,1,20,2,0,0,0,0,0,0,23.59,23.71,84.34,23.71,52871cd8-c451-4417-b658-135e85f7adb5,8
3025,STREAM_LIMIT,TXN_RR,TXN_RR@RC,READ COMMITTED,NORMAL,2,16,1,20,2,0,0,0,0,0,0,24.11,24.25,82.14,24.35,52871cd8-c451-4417-b658-135e85f7adb5,9
3026,STREAM_LIMIT,TXN_RR,TXN_RR@RC,READ COMMITTED,NORMAL,2,16,1,20,2,0,0,0,0,0,0,24.31,24.53,81.21,24.63,52871cd8-c451-4417-b658-135e85f7adb5,10
3027,STREAM_LIMIT,TXN_RR,TXN_RR@RC,READ COMMITTED,NORMAL,8,1,1,0,8,0,0,0,0,0,7,7.02,10.47,740.03,10.81,52871cd8-c451-4417-b658-135e85f7adb5,1
3028,STREAM_LIMIT,TXN_RR,TXN_RR@RC,READ COMMITTED,NORMAL,8,1,1,0,8,0,0,0,0,0,7,5.41,9.83,789.01,10.14,52871cd8-c451-4417-b658-135e85f7adb5,2
3029,STREAM_LIMIT,TXN_RR,TXN_RR@RC,READ COMMITTED,NORMAL,8,1,1,0,8,0,0,0,0,0,7,5.83,9.58,809.27,9.89,52871cd8-c451-4417-b658-135e85f7adb5,3
3030,STREAM_LIMIT,TXN_RR,TXN_RR@RC,READ COMMITTED,NORMAL,8,1,1,0,8,0,0,0,0,0,7,6.21,10.25,757.92,10.56,52871cd8-c451-4417-b658-135e85f7adb5,4
3031,STREAM_LIMIT,TXN_RR,TXN_RR@RC,READ COMMITTED,NORMAL,8,1,1,0,8,0,0,0,0,0,7,5.89,10.37,756.12,10.58,52871cd8-c451-4417-b658-135e85f7adb5,5
3032,STREAM_LIMIT,TXN_RR,TXN_RR@RC,READ COMMITTED,NORMAL,8,1,1,0,8,0,0,0,0,0,7,5.6,9.57,805.45,9.93,52871cd8-c451-4417-b658-135e85f7adb5,6
3033,STREAM_LIMIT,TXN_RR,TXN_RR@RC,READ COMMITTED,NORMAL,8,1,1,0,8,0,0,0,0,0,7,5.45,8.97,874.67,9.15,52871cd8-c451-4417-b658-135e85f7adb5,7
3034,STREAM_LIMIT,TXN_RR,TXN_RR@RC,READ COMMITTED,NORMAL,8,1,1,0,8,0,0,0,0,0,7,6.2,10.45,745.52,10.73,52871cd8-c451-4417-b658-135e85f7adb5,8
3035,STREAM_LIMIT,TXN_RR,TXN_RR@RC,READ COMMITTED,NORMAL,8,1,1,0,8,0,0,0,0,0,7,5.63,9.67,807.56,9.91,52871cd8-c451-4417-b658-135e85f7adb5,9
3036,STREAM_LIMIT,TXN_RR,TXN_RR@RC,READ COMMITTED,NORMAL,8,1,1,0,8,0,0,0,0,0,7,5.32,8.9,870.52,9.19,52871cd8-c451-4417-b658-135e85f7adb5,10
3037,STREAM_LIMIT,TXN_RR,TXN_RR@RC,READ COMMITTED,NORMAL,8,1,1,20,8,0,0,0,0,0,7,28.24,31.35,252.55,31.68,52871cd8-c451-4417-b658-135e85f7adb5,1
3038,STREAM_LIMIT,TXN_RR,TXN_RR@RC,READ COMMITTED,NORMAL,8,1,1,20,8,0,0,0,0,0,7,26.13,29.92,264.12,30.29,52871cd8-c451-4417-b658-135e85f7adb5,2
3039,STREAM_LIMIT,TXN_RR,TXN_RR@RC,READ COMMITTED,NORMAL,8,1,1,20,8,0,0,0,0,0,7,27.91,31.74,249.97,32,52871cd8-c451-4417-b658-135e85f7adb5,3
3040,STREAM_LIMIT,TXN_RR,TXN_RR@RC,READ COMMITTED,NORMAL,8,1,1,20,8,0,0,0,0,0,7,27.56,31.58,250.69,31.91,52871cd8-c451-4417-b658-135e85f7adb5,4
3041,STREAM_LIMIT,TXN_RR,TXN_RR@RC,READ COMMITTED,NORMAL,8,1,1,20,8,0,0,0,0,0,7,28.03,31.96,249.66,32.04,52871cd8-c451-4417-b658-135e85f7adb5,5
3042,STREAM_LIMIT,TXN_RR,TXN_RR@RC,READ COMMITTED,NORMAL,8,1,1,20,8,0,0,0,0,0,7,26.75,30.11,262.56,30.47,52871cd8-c451-4417-b658-135e85f7adb5,6
3043,STREAM_LIMIT,TXN_RR,TXN_RR@RC,READ COMMITTED,NORMAL,8,1,1,20,8,0,0,0,0,0,7,27.11,31.06,257.54,31.06,52871cd8-c451-4417-b658-135e85f7adb5,7
3044,STREAM_LIMIT,TXN_RR,TXN_RR@RC,READ COMMITTED,NORMAL,8,1,1,20,8,0,0,0,0,0,7,27.14,30.54,259.16,30.87,52871cd8-c451-4417-b658-135e85f7adb5,8
3045,STREAM_LIMIT,TXN_RR,TXN_RR@RC,READ COMMITTED,NORMAL,8,1,1,20,8,0,0,0,0,0,7,27.54,31.92,249.37,32.08,52871cd8-c451-4417-b658-135e85f7adb5,9
3046,STREAM_LIMIT,TXN_RR,TXN_RR@RC,READ COMMITTED,NORMAL,8,1,1,20,8,0,0,0,0,0,7,26.75,31.17,254.48,31.44,52871cd8-c451-4417-b658-135e85f7adb5,10
3047,STREAM_LIMIT,TXN_RR,TXN_RR@RC,READ COMMITTED,NORMAL,8,16,1,0,8,0,0,0,0,0,0,4.2,4.39,1752.03,4.57,52871cd8-c451-4417-b658-135e85f7adb5,1
3048,STREAM_LIMIT,TXN_RR,TXN_RR@RC,READ COMMITTED,NORMAL,8,16,1,0,8,0,0,0,0,0,0,4.75,5.09,1479.64,5.41,52871cd8-c451-4417-b658-135e85f7adb5,2
3049,STREAM_LIMIT,TXN_RR,TXN_RR@RC,READ COMMITTED,NORMAL,8,16,1,0,8,0,0,0,0,0,0,3.65,4.09,1927.61,4.15,52871cd8-c451-4417-b658-135e85f7adb5,3
3050,STREAM_LIMIT,TXN_RR,TXN_RR@RC,READ COMMITTED,NORMAL,8,16,1,0,8,0,0,0,0,0,0,3.73,3.93,1940.26,4.12,52871cd8-c451-4417-b658-135e85f7adb5,4
3051,STREAM_LIMIT,TXN_RR,TXN_RR@RC,READ COMMITTED,NORMAL,8,16,1,0,8,0,0,0,0,0,0,3.7,3.9,2009.4,3.98,52871cd8-c451-4417-b658-135e85f7adb5,5
3052,STREAM_LIMIT,TXN_RR,TXN_RR@RC,READ COMMITTED,NORMAL,8,16,1,0,8,0,0,0,0,0,0,3.62,4.05,1972.83,4.06,52871cd8-c451-4417-b658-135e85f7adb5,6
3053,STREAM_LIMIT,TXN_RR,TXN_RR@RC,READ COMMITTED,NORMAL,8,16,1,0,8,0,0,0,0,0,0,4.09,4.25,1864.46,4.29,52871cd8-c451-4417-b658-135e85f7adb5,7
3054,STREAM_LIMIT,TXN_RR,TXN_RR@RC,READ COMMITTED,NORMAL,8,16,1,0,8,0,0,0,0,0,0,5.05,5.19,1527.24,5.24,52871cd8-c451-4417-b658-135e85f7adb5,8
3055,STREAM_LIMIT,TXN_RR,TXN_RR@RC,READ COMMITTED,NORMAL,8,16,1,0,8,0,0,0,0,0,0,3.87,4,1963.87,4.07,52871cd8-c451-4417-b658-135e85f7adb5,9
3056,STREAM_LIMIT,TXN_RR,TXN_RR@RC,READ COMMITTED,NORMAL,8,16,1,0,8,0,0,0,0,0,0,3.65,3.74,2093.99,3.82,52871cd8-c451-4417-b658-135e85f7adb5,10
3057,STREAM_LIMIT,TXN_RR,TXN_RR@RC,READ COMMITTED,NORMAL,8,16,1,20,8,0,0,0,0,0,0,24.78,24.97,320.37,24.97,52871cd8-c451-4417-b658-135e85f7adb5,1
3058,STREAM_LIMIT,TXN_RR,TXN_RR@RC,READ COMMITTED,NORMAL,8,16,1,20,8,0,0,0,0,0,0,24.24,24.8,320.82,24.94,52871cd8-c451-4417-b658-135e85f7adb5,2
3059,STREAM_LIMIT,TXN_RR,TXN_RR@RC,READ COMMITTED,NORMAL,8,16,1,20,8,0,0,0,0,0,0,25.58,25.78,307.23,26.04,52871cd8-c451-4417-b658-135e85f7adb5,3
3060,STREAM_LIMIT,TXN_RR,TXN_RR@RC,READ COMMITTED,NORMAL,8,16,1,20,8,0,0,0,0,0,0,24.61,24.75,321.28,24.9,52871cd8-c451-4417-b658-135e85f7adb5,4
3061,STREAM_LIMIT,TXN_RR,TXN_RR@RC,READ COMMITTED,NORMAL,8,16,1,20,8,0,0,0,0,0,0,25.46,25.69,307.72,26,52871cd8-c451-4417-b658-135e85f7adb5,5
3062,STREAM_LIMIT,TXN_RR,TXN_RR@RC,READ COMMITTED,NORMAL,8,16,1,20,8,0,0,0,0,0,0,24.71,24.91,320.68,24.95,52871cd8-c451-4417-b658-135e85f7adb5,6
3063,STREAM_LIMIT,TXN_RR,TXN_RR@RC,READ COMMITTED,NORMAL,8,16,1,20,8,0,0,0,0,0,0,26.05,26.31,303.06,26.4,52871cd8-c451-4417-b658-135e85f7adb5,7
3064,STREAM_LIMIT,TXN_RR,TXN_RR@RC,READ COMMITTED,NORMAL,8,16,1,20,8,0,0,0,0,0,0,25.86,26.12,305.6,26.18,52871cd8-c451-4417-b658-135e85f7adb5,8
3065,STREAM_LIMIT,TXN_RR,TXN_RR@RC,READ COMMITTED,NORMAL,8,16,1,20,8,0,0,0,0,0,0,25.9,26.4,302.01,26.49,52871cd8-c451-4417-b658-135e85f7adb5,9
3066,STREAM_LIMIT,TXN_RR,TXN_RR@RC,READ COMMITTED,NORMAL,8,16,1,20,8,0,0,0,0,0,0,24.7,25.03,319.6,25.03,52871cd8-c451-4417-b658-135e85f7adb5,10
3067,STREAM_LIMIT,TXN_RR,TXN_RR@RC,READ COMMITTED,NORMAL,32,1,1,0,32,0,0,0,0,0,31,21.09,34.06,893.1,35.83,52871cd8-c451-4417-b658-135e85f7adb5,1
3068,STREAM_LIMIT,TXN_RR,TXN_RR@RC,READ COMMITTED,NORMAL,32,1,1,0,32,0,0,0,0,0,31,21.08,33.78,894.58,35.77,52871cd8-c451-4417-b658-135e85f7adb5,2
3069,STREAM_LIMIT,TXN_RR,TXN_RR@RC,READ COMMITTED,NORMAL,32,1,1,0,32,0,0,0,0,0,31,20.83,33.21,918.15,34.85,52871cd8-c451-4417-b658-135e85f7adb5,3
3070,STREAM_LIMIT,TXN_RR,TXN_RR@RC,READ COMMITTED,NORMAL,32,1,1,0,32,0,0,0,0,0,31,21.96,34.39,888.17,36.03,52871cd8-c451-4417-b658-135e85f7adb5,4
3071,STREAM_LIMIT,TXN_RR,TXN_RR@RC,READ COMMITTED,NORMAL,32,1,1,0,32,0,0,0,0,0,31,22.07,34.51,883.66,36.21,52871cd8-c451-4417-b658-135e85f7adb5,5
3072,STREAM_LIMIT,TXN_RR,TXN_RR@RC,READ COMMITTED,NORMAL,32,1,1,0,32,0,0,0,0,0,31,21.8,34.15,893.34,35.82,52871cd8-c451-4417-b658-135e85f7adb5,6
3073,STREAM_LIMIT,TXN_RR,TXN_RR@RC,READ COMMITTED,NORMAL,32,1,1,0,32,0,0,0,0,0,31,26.14,38.09,803.7,39.82,52871cd8-c451-4417-b658-135e85f7adb5,7
3074,STREAM_LIMIT,TXN_RR,TXN_RR@RC,READ COMMITTED,NORMAL,32,1,1,0,32,0,0,0,0,0,31,21.08,33.65,903.74,35.41,52871cd8-c451-4417-b658-135e85f7adb5,8
3075,STREAM_LIMIT,TXN_RR,TXN_RR@RC,READ COMMITTED,NORMAL,32,1,1,0,32,0,0,0,0,0,31,25.99,38.16,800.85,39.96,52871cd8-c451-4417-b658-135e85f7adb5,9
3076,STREAM_LIMIT,TXN_RR,TXN_RR@RC,READ COMMITTED,NORMAL,32,1,1,0,32,0,0,0,0,0,31,21.78,34.39,885.78,36.13,52871cd8-c451-4417-b658-135e85f7adb5,10
3077,STREAM_LIMIT,TXN_RR,TXN_RR@RC,READ COMMITTED,NORMAL,32,1,1,20,32,0,0,0,0,0,31,41.52,54.81,566.2,56.52,52871cd8-c451-4417-b658-135e85f7adb5,1
3078,STREAM_LIMIT,TXN_RR,TXN_RR@RC,READ COMMITTED,NORMAL,32,1,1,20,32,0,0,0,0,0,31,42.43,57.06,545.79,58.63,52871cd8-c451-4417-b658-135e85f7adb5,2
3079,STREAM_LIMIT,TXN_RR,TXN_RR@RC,READ COMMITTED,NORMAL,32,1,1,20,32,0,0,0,0,0,31,44.32,58,535.59,59.75,52871cd8-c451-4417-b658-135e85f7adb5,3
3080,STREAM_LIMIT,TXN_RR,TXN_RR@RC,READ COMMITTED,NORMAL,32,1,1,20,32,0,0,0,0,0,31,43.59,59.23,521.88,61.32,52871cd8-c451-4417-b658-135e85f7adb5,4
3081,STREAM_LIMIT,TXN_RR,TXN_RR@RC,READ COMMITTED,NORMAL,32,1,1,20,32,0,0,0,0,0,31,46.69,61.62,504.55,63.42,52871cd8-c451-4417-b658-135e85f7adb5,5
3082,STREAM_LIMIT,TXN_RR,TXN_RR@RC,READ COMMITTED,NORMAL,32,1,1,20,32,0,0,0,0,0,31,43.95,58.74,520.75,61.45,52871cd8-c451-4417-b658-135e85f7adb5,6
3083,STREAM_LIMIT,TXN_RR,TXN_RR@RC,READ COMMITTED,NORMAL,32,1,1,20,32,0,0,0,0,0,31,44.62,62.04,499.17,64.11,52871cd8-c451-4417-b658-135e85f7adb5,7
3084,STREAM_LIMIT,TXN_RR,TXN_RR@RC,READ COMMITTED,NORMAL,32,1,1,20,32,0,0,0,0,0,31,47.15,60.24,515.59,62.06,52871cd8-c451-4417-b658-135e85f7adb5,8
3085,STREAM_LIMIT,TXN_RR,TXN_RR@RC,READ COMMITTED,NORMAL,32,1,1,20,32,0,0,0,0,0,31,43.51,57.75,540.03,59.26,52871cd8-c451-4417-b658-135e85f7adb5,9
3086,STREAM_LIMIT,TXN_RR,TXN_RR@RC,READ COMMITTED,NORMAL,32,1,1,20,32,0,0,0,0,0,31,44.25,58.96,520.23,61.51,52871cd8-c451-4417-b658-135e85f7adb5,10
3087,STREAM_LIMIT,TXN_RR,TXN_RR@RC,READ COMMITTED,NORMAL,32,16,1,0,32,0,0,0,0,0,16,11.88,13.4,2266.07,14.12,52871cd8-c451-4417-b658-135e85f7adb5,1
3088,STREAM_LIMIT,TXN_RR,TXN_RR@RC,READ COMMITTED,NORMAL,32,16,1,0,32,0,0,0,0,0,16,11.2,12.64,2370.44,13.5,52871cd8-c451-4417-b658-135e85f7adb5,2
3089,STREAM_LIMIT,TXN_RR,TXN_RR@RC,READ COMMITTED,NORMAL,32,16,1,0,32,0,0,0,0,0,16,8.94,11.2,2815.37,11.37,52871cd8-c451-4417-b658-135e85f7adb5,3
3090,STREAM_LIMIT,TXN_RR,TXN_RR@RC,READ COMMITTED,NORMAL,32,16,1,0,32,0,0,0,0,0,16,7.85,10.23,3103.83,10.31,52871cd8-c451-4417-b658-135e85f7adb5,4
3091,STREAM_LIMIT,TXN_RR,TXN_RR@RC,READ COMMITTED,NORMAL,32,16,1,0,32,0,0,0,0,0,16,8.87,10.73,2956.64,10.82,52871cd8-c451-4417-b658-135e85f7adb5,5
3092,STREAM_LIMIT,TXN_RR,TXN_RR@RC,READ COMMITTED,NORMAL,32,16,1,0,32,0,0,0,0,0,16,7.61,10.31,3087.76,10.36,52871cd8-c451-4417-b658-135e85f7adb5,6
3093,STREAM_LIMIT,TXN_RR,TXN_RR@RC,READ COMMITTED,NORMAL,32,16,1,0,32,0,0,0,0,0,16,8.98,11.31,2808,11.4,52871cd8-c451-4417-b658-135e85f7adb5,7
3094,STREAM_LIMIT,TXN_RR,TXN_RR@RC,READ COMMITTED,NORMAL,32,16,1,0,32,0,0,0,0,0,16,8.28,10.1,3134.59,10.21,52871cd8-c451-4417-b658-135e85f7adb5,8
3095,STREAM_LIMIT,TXN_RR,TXN_RR@RC,READ COMMITTED,NORMAL,32,16,1,0,32,0,0,0,0,0,16,8.69,11.71,2712.18,11.8,52871cd8-c451-4417-b658-135e85f7adb5,9
3096,STREAM_LIMIT,TXN_RR,TXN_RR@RC,READ COMMITTED,NORMAL,32,16,1,0,32,0,0,0,0,0,16,7.78,9.88,3180.68,10.06,52871cd8-c451-4417-b658-135e85f7adb5,10
3097,STREAM_LIMIT,TXN_RR,TXN_RR@RC,READ COMMITTED,NORMAL,32,16,1,20,32,0,0,0,0,0,16,29.2,31.32,1016.37,31.48,52871cd8-c451-4417-b658-135e85f7adb5,1
3098,STREAM_LIMIT,TXN_RR,TXN_RR@RC,READ COMMITTED,NORMAL,32,16,1,20,32,0,0,0,0,0,16,27.31,30,1059.84,30.19,52871cd8-c451-4417-b658-135e85f7adb5,2
3099,STREAM_LIMIT,TXN_RR,TXN_RR@RC,READ COMMITTED,NORMAL,32,16,1,20,32,0,0,0,0,0,16,28.16,31,1027.6,31.14,52871cd8-c451-4417-b658-135e85f7adb5,3
3100,STREAM_LIMIT,TXN_RR,TXN_RR@RC,READ COMMITTED,NORMAL,32,16,1,20,32,0,0,0,0,0,16,28.77,31.39,1015.58,31.51,52871cd8-c451-4417-b658-135e85f7adb5,4
3101,STREAM_LIMIT,TXN_RR,TXN_RR@RC,READ COMMITTED,NORMAL,32,16,1,20,32,0,0,0,0,0,16,30.79,32.29,987.09,32.42,52871cd8-c451-4417-b658-135e85f7adb5,5
3102,STREAM_LIMIT,TXN_RR,TXN_RR@RC,READ COMMITTED,NORMAL,32,16,1,20,32,0,0,0,0,0,16,30.74,33.19,961.72,33.27,52871cd8-c451-4417-b658-135e85f7adb5,6
3103,STREAM_LIMIT,TXN_RR,TXN_RR@RC,READ COMMITTED,NORMAL,32,16,1,20,32,0,0,0,0,0,16,30.91,32.78,971.8,32.93,52871cd8-c451-4417-b658-135e85f7adb5,7
3104,STREAM_LIMIT,TXN_RR,TXN_RR@RC,READ COMMITTED,NORMAL,32,16,1,20,32,0,0,0,0,0,16,30.94,33.1,962.73,33.24,52871cd8-c451-4417-b658-135e85f7adb5,8
3105,STREAM_LIMIT,TXN_RR,TXN_RR@RC,READ COMMITTED,NORMAL,32,16,1,20,32,0,0,0,0,0,16,31.23,33.45,942.92,33.94,52871cd8-c451-4417-b658-135e85f7adb5,9
3106,STREAM_LIMIT,TXN_RR,TXN_RR@RC,READ COMMITTED,NORMAL,32,16,1,20,32,0,0,0,0,0,16,31.67,33.35,954.41,33.53,52871cd8-c451-4417-b658-135e85f7adb5,10
3107,STREAM_LIMIT,TXN_RR,TXN_RR@RC,READ COMMITTED,NORMAL,64,1,1,0,64,0,0,0,0,0,63,34.11,59.07,1026.99,62.32,52871cd8-c451-4417-b658-135e85f7adb5,1
3108,STREAM_LIMIT,TXN_RR,TXN_RR@RC,READ COMMITTED,NORMAL,64,1,1,0,64,0,0,0,0,0,63,36.08,61.45,983.93,65.05,52871cd8-c451-4417-b658-135e85f7adb5,2
3109,STREAM_LIMIT,TXN_RR,TXN_RR@RC,READ COMMITTED,NORMAL,64,1,1,0,64,0,0,0,0,0,63,36.36,59.47,1008.65,63.45,52871cd8-c451-4417-b658-135e85f7adb5,3
3110,STREAM_LIMIT,TXN_RR,TXN_RR@RC,READ COMMITTED,NORMAL,64,1,1,0,64,0,0,0,0,0,63,36.7,61.44,977.74,65.46,52871cd8-c451-4417-b658-135e85f7adb5,4
3111,STREAM_LIMIT,TXN_RR,TXN_RR@RC,READ COMMITTED,NORMAL,64,1,1,0,64,0,0,0,0,0,63,36.2,59.97,999.31,64.04,52871cd8-c451-4417-b658-135e85f7adb5,5
3112,STREAM_LIMIT,TXN_RR,TXN_RR@RC,READ COMMITTED,NORMAL,64,1,1,0,64,0,0,0,0,0,63,35.61,60.2,1009.55,63.39,52871cd8-c451-4417-b658-135e85f7adb5,6
3113,STREAM_LIMIT,TXN_RR,TXN_RR@RC,READ COMMITTED,NORMAL,64,1,1,0,64,0,0,0,0,0,63,36.86,62.22,958.6,66.76,52871cd8-c451-4417-b658-135e85f7adb5,7
3114,STREAM_LIMIT,TXN_RR,TXN_RR@RC,READ COMMITTED,NORMAL,64,1,1,0,64,0,0,0,0,0,63,39.18,62.35,960.7,66.62,52871cd8-c451-4417-b658-135e85f7adb5,8
3115,STREAM_LIMIT,TXN_RR,TXN_RR@RC,READ COMMITTED,NORMAL,64,1,1,0,64,0,0,0,0,0,63,35.73,59,1019.3,62.79,52871cd8-c451-4417-b658-135e85f7adb5,9
3116,STREAM_LIMIT,TXN_RR,TXN_RR@RC,READ COMMITTED,NORMAL,64,1,1,0,64,0,0,0,0,0,63,35.1,60.88,984.62,65,52871cd8-c451-4417-b658-135e85f7adb5,10
3117,STREAM_LIMIT,TXN_RR,TXN_RR@RC,READ COMMITTED,NORMAL,64,1,1,20,64,0,0,0,0,0,63,59.9,95.52,640.39,99.94,52871cd8-c451-4417-b658-135e85f7adb5,1
3118,STREAM_LIMIT,TXN_RR,TXN_RR@RC,READ COMMITTED,NORMAL,64,1,1,20,64,0,0,0,0,0,63,62.74,87.69,697.87,91.71,52871cd8-c451-4417-b658-135e85f7adb5,2
3119,STREAM_LIMIT,TXN_RR,TXN_RR@RC,READ COMMITTED,NORMAL,64,1,1,20,64,0,0,0,0,0,63,65.71,91.94,662.89,96.55,52871cd8-c451-4417-b658-135e85f7adb5,3
3120,STREAM_LIMIT,TXN_RR,TXN_RR@RC,READ COMMITTED,NORMAL,64,1,1,20,64,0,0,0,0,0,63,67.63,94.12,650.02,98.46,52871cd8-c451-4417-b658-135e85f7adb5,4
3121,STREAM_LIMIT,TXN_RR,TXN_RR@RC,READ COMMITTED,NORMAL,64,1,1,20,64,0,0,0,0,0,63,62.52,90.44,672.17,95.21,52871cd8-c451-4417-b658-135e85f7adb5,5
3122,STREAM_LIMIT,TXN_RR,TXN_RR@RC,READ COMMITTED,NORMAL,64,1,1,20,64,0,0,0,0,0,63,63.52,92.61,658.59,97.18,52871cd8-c451-4417-b658-135e85f7adb5,6
3123,STREAM_LIMIT,TXN_RR,TXN_RR@RC,READ COMMITTED,NORMAL,64,1,1,20,64,0,0,0,0,0,63,62.22,98.15,617.17,103.7,52871cd8-c451-4417-b658-135e85f7adb5,7
3124,STREAM_LIMIT,TXN_RR,TXN_RR@RC,READ COMMITTED,NORMAL,64,1,1,20,64,0,0,0,0,0,63,64.79,95.62,622.2,102.86,52871cd8-c451-4417-b658-135e85f7adb5,8
3125,STREAM_LIMIT,TXN_RR,TXN_RR@RC,READ COMMITTED,NORMAL,64,1,1,20,64,0,0,0,0,0,63,67.13,96.29,630.5,101.51,52871cd8-c451-4417-b658-135e85f7adb5,9
3126,STREAM_LIMIT,TXN_RR,TXN_RR@RC,READ COMMITTED,NORMAL,64,1,1,20,64,0,0,0,0,0,63,65.24,96,636.23,100.59,52871cd8-c451-4417-b658-135e85f7adb5,10
3127,STREAM_LIMIT,TXN_RR,TXN_RR@RC,READ COMMITTED,NORMAL,64,16,1,0,64,0,0,0,0,0,48,21.49,25.89,2310.96,27.69,52871cd8-c451-4417-b658-135e85f7adb5,1
3128,STREAM_LIMIT,TXN_RR,TXN_RR@RC,READ COMMITTED,NORMAL,64,16,1,0,64,0,0,0,0,0,48,15.58,20.39,3047.71,21,52871cd8-c451-4417-b658-135e85f7adb5,2
3129,STREAM_LIMIT,TXN_RR,TXN_RR@RC,READ COMMITTED,NORMAL,64,16,1,0,64,0,0,0,0,0,48,15.04,19.79,3162.39,20.24,52871cd8-c451-4417-b658-135e85f7adb5,3
3130,STREAM_LIMIT,TXN_RR,TXN_RR@RC,READ COMMITTED,NORMAL,64,16,1,0,64,0,0,0,0,0,48,14.33,19.92,3156.14,20.28,52871cd8-c451-4417-b658-135e85f7adb5,4
3131,STREAM_LIMIT,TXN_RR,TXN_RR@RC,READ COMMITTED,NORMAL,64,16,1,0,64,0,0,0,0,0,48,15.29,19.75,3127.91,20.46,52871cd8-c451-4417-b658-135e85f7adb5,5
3132,STREAM_LIMIT,TXN_RR,TXN_RR@RC,READ COMMITTED,NORMAL,64,16,1,0,64,0,0,0,0,0,48,15.52,20.45,3052.79,20.96,52871cd8-c451-4417-b658-135e85f7adb5,6
3133,STREAM_LIMIT,TXN_RR,TXN_RR@RC,READ COMMITTED,NORMAL,64,16,1,0,64,0,0,0,0,0,48,15.47,19.79,3173.19,20.17,52871cd8-c451-4417-b658-135e85f7adb5,7
3134,STREAM_LIMIT,TXN_RR,TXN_RR@RC,READ COMMITTED,NORMAL,64,16,1,0,64,0,0,0,0,0,48,15.41,20.89,3014.25,21.23,52871cd8-c451-4417-b658-135e85f7adb5,8
3135,STREAM_LIMIT,TXN_RR,TXN_RR@RC,READ COMMITTED,NORMAL,64,16,1,0,64,0,0,0,0,0,48,15.49,20.38,3074.4,20.82,52871cd8-c451-4417-b658-135e85f7adb5,9
3136,STREAM_LIMIT,TXN_RR,TXN_RR@RC,READ COMMITTED,NORMAL,64,16,1,0,64,0,0,0,0,0,48,15.3,19.97,3130.06,20.45,52871cd8-c451-4417-b658-135e85f7adb5,10
3137,STREAM_LIMIT,TXN_RR,TXN_RR@RC,READ COMMITTED,NORMAL,64,16,1,20,64,0,0,0,0,0,48,35.04,39.01,1619.27,39.52,52871cd8-c451-4417-b658-135e85f7adb5,1
3138,STREAM_LIMIT,TXN_RR,TXN_RR@RC,READ COMMITTED,NORMAL,64,16,1,20,64,0,0,0,0,0,48,34.12,40.01,1588.16,40.3,52871cd8-c451-4417-b658-135e85f7adb5,2
3139,STREAM_LIMIT,TXN_RR,TXN_RR@RC,READ COMMITTED,NORMAL,64,16,1,20,64,0,0,0,0,0,48,36.95,41.62,1517.67,42.17,52871cd8-c451-4417-b658-135e85f7adb5,3
3140,STREAM_LIMIT,TXN_RR,TXN_RR@RC,READ COMMITTED,NORMAL,64,16,1,20,64,0,0,0,0,0,48,35.06,39.87,1592.11,40.2,52871cd8-c451-4417-b658-135e85f7adb5,4
3141,STREAM_LIMIT,TXN_RR,TXN_RR@RC,READ COMMITTED,NORMAL,64,16,1,20,64,0,0,0,0,0,48,34.44,39.95,1589.45,40.27,52871cd8-c451-4417-b658-135e85f7adb5,5
3142,STREAM_LIMIT,TXN_RR,TXN_RR@RC,READ COMMITTED,NORMAL,64,16,1,20,64,0,0,0,0,0,48,33.16,38.14,1652.8,38.72,52871cd8-c451-4417-b658-135e85f7adb5,6
3143,STREAM_LIMIT,TXN_RR,TXN_RR@RC,READ COMMITTED,NORMAL,64,16,1,20,64,0,0,0,0,0,48,34.35,38.93,1622.52,39.44,52871cd8-c451-4417-b658-135e85f7adb5,7
3144,STREAM_LIMIT,TXN_RR,TXN_RR@RC,READ COMMITTED,NORMAL,64,16,1,20,64,0,0,0,0,0,48,33.64,38.4,1646.41,38.87,52871cd8-c451-4417-b658-135e85f7adb5,8
3145,STREAM_LIMIT,TXN_RR,TXN_RR@RC,READ COMMITTED,NORMAL,64,16,1,20,64,0,0,0,0,0,48,35.08,40.85,1558,41.08,52871cd8-c451-4417-b658-135e85f7adb5,9
3146,STREAM_LIMIT,TXN_RR,TXN_RR@RC,READ COMMITTED,NORMAL,64,16,1,20,64,0,0,0,0,0,48,34.79,40.29,1572.56,40.7,52871cd8-c451-4417-b658-135e85f7adb5,10
3147,STREAM_LIMIT,SERIALIZABLE,SERIALIZABLE,SERIALIZABLE,NORMAL,2,1,1,0,1,1,1,1,0,0,0,3.79,12.14,163.32,12.25,52871cd8-c451-4417-b658-135e85f7adb5,1
3148,STREAM_LIMIT,SERIALIZABLE,SERIALIZABLE,SERIALIZABLE,NORMAL,2,1,1,0,1,1,1,1,0,0,0,2.36,10.97,181.99,10.99,52871cd8-c451-4417-b658-135e85f7adb5,2
3149,STREAM_LIMIT,SERIALIZABLE,SERIALIZABLE,SERIALIZABLE,NORMAL,2,1,1,0,1,1,1,1,0,0,0,2.27,7.2,277.62,7.2,52871cd8-c451-4417-b658-135e85f7adb5,3
3150,STREAM_LIMIT,SERIALIZABLE,SERIALIZABLE,SERIALIZABLE,NORMAL,2,1,1,0,1,1,1,1,0,0,0,2.37,10.73,186.03,10.75,52871cd8-c451-4417-b658-135e85f7adb5,4
3151,STREAM_LIMIT,SERIALIZABLE,SERIALIZABLE,SERIALIZABLE,NORMAL,2,1,1,0,1,1,1,1,0,0,0,1.99,9.33,214.04,9.34,52871cd8-c451-4417-b658-135e85f7adb5,5
3152,STREAM_LIMIT,SERIALIZABLE,SERIALIZABLE,SERIALIZABLE,NORMAL,2,1,1,0,1,1,1,1,0,0,0,2.08,10.16,196.61,10.17,52871cd8-c451-4417-b658-135e85f7adb5,6
3153,STREAM_LIMIT,SERIALIZABLE,SERIALIZABLE,SERIALIZABLE,NORMAL,2,1,1,0,1,1,1,1,0,0,0,2.6,8.79,226.97,8.81,52871cd8-c451-4417-b658-135e85f7adb5,7
3154,STREAM_LIMIT,SERIALIZABLE,SERIALIZABLE,SERIALIZABLE,NORMAL,2,1,1,0,1,1,1,1,0,0,0,2.37,9.72,204.91,9.76,52871cd8-c451-4417-b658-135e85f7adb5,8
3155,STREAM_LIMIT,SERIALIZABLE,SERIALIZABLE,SERIALIZABLE,NORMAL,2,1,1,0,1,1,1,1,0,0,0,2.24,10.69,186.37,10.73,52871cd8-c451-4417-b658-135e85f7adb5,9
3156,STREAM_LIMIT,SERIALIZABLE,SERIALIZABLE,SERIALIZABLE,NORMAL,2,1,1,0,1,1,1,1,0,0,0,2.44,8.88,223.77,8.94,52871cd8-c451-4417-b658-135e85f7adb5,10
3157,STREAM_LIMIT,SERIALIZABLE,SERIALIZABLE,SERIALIZABLE,NORMAL,2,1,1,20,1,1,1,1,0,0,0,24.05,31.95,62.57,31.96,52871cd8-c451-4417-b658-135e85f7adb5,1
3158,STREAM_LIMIT,SERIALIZABLE,SERIALIZABLE,SERIALIZABLE,NORMAL,2,1,1,20,1,1,1,1,0,0,0,23.49,30.32,65.78,30.4,52871cd8-c451-4417-b658-135e85f7adb5,2
3159,STREAM_LIMIT,SERIALIZABLE,SERIALIZABLE,SERIALIZABLE,NORMAL,2,1,1,20,1,1,1,1,0,0,0,24.56,29.24,68.23,29.31,52871cd8-c451-4417-b658-135e85f7adb5,3
3160,STREAM_LIMIT,SERIALIZABLE,SERIALIZABLE,SERIALIZABLE,NORMAL,2,1,1,20,1,1,1,1,0,0,0,24.63,32.52,61.32,32.62,52871cd8-c451-4417-b658-135e85f7adb5,4
3161,STREAM_LIMIT,SERIALIZABLE,SERIALIZABLE,SERIALIZABLE,NORMAL,2,1,1,20,1,1,1,1,0,0,0,24.74,33.14,60.33,33.15,52871cd8-c451-4417-b658-135e85f7adb5,5
3162,STREAM_LIMIT,SERIALIZABLE,SERIALIZABLE,SERIALIZABLE,NORMAL,2,1,1,20,1,1,1,1,0,0,0,24.68,27.83,71.84,27.84,52871cd8-c451-4417-b658-135e85f7adb5,6
3163,STREAM_LIMIT,SERIALIZABLE,SERIALIZABLE,SERIALIZABLE,NORMAL,2,1,1,20,1,1,1,1,0,0,0,24.41,30.12,66.39,30.12,52871cd8-c451-4417-b658-135e85f7adb5,7
3164,STREAM_LIMIT,SERIALIZABLE,SERIALIZABLE,SERIALIZABLE,NORMAL,2,1,1,20,1,1,1,1,0,0,0,24.91,33.97,58.8,34.01,52871cd8-c451-4417-b658-135e85f7adb5,8
3165,STREAM_LIMIT,SERIALIZABLE,SERIALIZABLE,SERIALIZABLE,NORMAL,2,1,1,20,1,1,1,1,0,0,0,25.09,33.21,60.05,33.31,52871cd8-c451-4417-b658-135e85f7adb5,9
3166,STREAM_LIMIT,SERIALIZABLE,SERIALIZABLE,SERIALIZABLE,NORMAL,2,1,1,20,1,1,1,1,0,0,0,25.07,29.61,67.36,29.69,52871cd8-c451-4417-b658-135e85f7adb5,10
3167,STREAM_LIMIT,SERIALIZABLE,SERIALIZABLE,SERIALIZABLE,NORMAL,2,16,1,0,2,0,1,1,0,0,0,2.92,19.1,104.36,19.16,52871cd8-c451-4417-b658-135e85f7adb5,1
3168,STREAM_LIMIT,SERIALIZABLE,SERIALIZABLE,SERIALIZABLE,NORMAL,2,16,1,0,2,0,1,1,0,0,0,2.85,6.25,319.67,6.26,52871cd8-c451-4417-b658-135e85f7adb5,2
3169,STREAM_LIMIT,SERIALIZABLE,SERIALIZABLE,SERIALIZABLE,NORMAL,2,16,1,0,2,0,1,1,0,0,0,3.36,9.27,215.63,9.28,52871cd8-c451-4417-b658-135e85f7adb5,3
3170,STREAM_LIMIT,SERIALIZABLE,SERIALIZABLE,SERIALIZABLE,NORMAL,2,16,1,0,2,0,1,1,0,0,0,2.72,8.45,236.68,8.45,52871cd8-c451-4417-b658-135e85f7adb5,4
3171,STREAM_LIMIT,SERIALIZABLE,SERIALIZABLE,SERIALIZABLE,NORMAL,2,16,1,0,2,0,1,1,0,0,0,2.96,7.45,268.1,7.46,52871cd8-c451-4417-b658-135e85f7adb5,5
3172,STREAM_LIMIT,SERIALIZABLE,SERIALIZABLE,SERIALIZABLE,NORMAL,2,16,1,0,2,0,1,1,0,0,0,2.96,12.28,162.76,12.29,52871cd8-c451-4417-b658-135e85f7adb5,6
3173,STREAM_LIMIT,SERIALIZABLE,SERIALIZABLE,SERIALIZABLE,NORMAL,2,16,1,0,2,0,1,1,0,0,0,2.56,9.27,214.43,9.33,52871cd8-c451-4417-b658-135e85f7adb5,7
3174,STREAM_LIMIT,SERIALIZABLE,SERIALIZABLE,SERIALIZABLE,NORMAL,2,16,1,0,2,0,1,1,0,0,0,2.53,8.37,238.8,8.38,52871cd8-c451-4417-b658-135e85f7adb5,8
3175,STREAM_LIMIT,SERIALIZABLE,SERIALIZABLE,SERIALIZABLE,NORMAL,2,16,1,0,2,0,1,1,0,0,0,2.43,6.1,327.62,6.1,52871cd8-c451-4417-b658-135e85f7adb5,9
3176,STREAM_LIMIT,SERIALIZABLE,SERIALIZABLE,SERIALIZABLE,NORMAL,2,16,1,0,2,0,1,1,0,0,0,2.62,12.07,165.66,12.07,52871cd8-c451-4417-b658-135e85f7adb5,10
3177,STREAM_LIMIT,SERIALIZABLE,SERIALIZABLE,SERIALIZABLE,NORMAL,2,16,1,20,2,0,1,1,0,0,0,24.86,50.55,39.53,50.6,52871cd8-c451-4417-b658-135e85f7adb5,1
3178,STREAM_LIMIT,SERIALIZABLE,SERIALIZABLE,SERIALIZABLE,NORMAL,2,16,1,20,2,0,1,1,0,0,0,24.36,55.35,36.08,55.43,52871cd8-c451-4417-b658-135e85f7adb5,2
3179,STREAM_LIMIT,SERIALIZABLE,SERIALIZABLE,SERIALIZABLE,NORMAL,2,16,1,20,2,0,1,1,0,0,0,25.1,55.95,35.74,55.96,52871cd8-c451-4417-b658-135e85f7adb5,3
3180,STREAM_LIMIT,SERIALIZABLE,SERIALIZABLE,SERIALIZABLE,NORMAL,2,16,1,20,2,0,1,1,0,0,0,24.4,53.27,37.53,53.29,52871cd8-c451-4417-b658-135e85f7adb5,4
3181,STREAM_LIMIT,SERIALIZABLE,SERIALIZABLE,SERIALIZABLE,NORMAL,2,16,1,20,2,0,1,1,0,0,0,25.96,55.96,35.68,56.06,52871cd8-c451-4417-b658-135e85f7adb5,5
3182,STREAM_LIMIT,SERIALIZABLE,SERIALIZABLE,SERIALIZABLE,NORMAL,2,16,1,20,2,0,1,1,0,0,0,26.47,53.58,37.32,53.6,52871cd8-c451-4417-b658-135e85f7adb5,6
3183,STREAM_LIMIT,SERIALIZABLE,SERIALIZABLE,SERIALIZABLE,NORMAL,2,16,1,20,2,0,1,1,0,0,0,26.22,53.79,37.1,53.91,52871cd8-c451-4417-b658-135e85f7adb5,7
3184,STREAM_LIMIT,SERIALIZABLE,SERIALIZABLE,SERIALIZABLE,NORMAL,2,16,1,20,2,0,1,1,0,0,0,26.32,57.68,34.66,57.7,52871cd8-c451-4417-b658-135e85f7adb5,8
3185,STREAM_LIMIT,SERIALIZABLE,SERIALIZABLE,SERIALIZABLE,NORMAL,2,16,1,20,2,0,1,1,0,0,0,25.47,57.41,34.83,57.42,52871cd8-c451-4417-b658-135e85f7adb5,9
3186,STREAM_LIMIT,SERIALIZABLE,SERIALIZABLE,SERIALIZABLE,NORMAL,2,16,1,20,2,0,1,1,0,0,0,24.74,55.66,35.87,55.76,52871cd8-c451-4417-b658-135e85f7adb5,10
3187,STREAM_LIMIT,SERIALIZABLE,SERIALIZABLE,SERIALIZABLE,NORMAL,8,1,1,0,1,7,7,7,0,0,0,15.51,16.85,469.48,17.04,52871cd8-c451-4417-b658-135e85f7adb5,1
3188,STREAM_LIMIT,SERIALIZABLE,SERIALIZABLE,SERIALIZABLE,NORMAL,8,1,1,0,1,7,7,7,0,0,0,9.77,11.88,662.47,12.08,52871cd8-c451-4417-b658-135e85f7adb5,2
3189,STREAM_LIMIT,SERIALIZABLE,SERIALIZABLE,SERIALIZABLE,NORMAL,8,1,1,0,1,7,7,7,0,0,0,8.92,10.5,744.94,10.74,52871cd8-c451-4417-b658-135e85f7adb5,3
3190,STREAM_LIMIT,SERIALIZABLE,SERIALIZABLE,SERIALIZABLE,NORMAL,8,1,1,0,1,7,7,7,0,0,0,8.58,12.69,624.21,12.82,52871cd8-c451-4417-b658-135e85f7adb5,4
3191,STREAM_LIMIT,SERIALIZABLE,SERIALIZABLE,SERIALIZABLE,NORMAL,8,1,1,0,1,7,7,7,0,0,0,10.35,10.99,721.54,11.09,52871cd8-c451-4417-b658-135e85f7adb5,5
3192,STREAM_LIMIT,SERIALIZABLE,SERIALIZABLE,SERIALIZABLE,NORMAL,8,1,1,0,1,7,7,7,0,0,0,11.26,11.52,680.26,11.76,52871cd8-c451-4417-b658-135e85f7adb5,6
3193,STREAM_LIMIT,SERIALIZABLE,SERIALIZABLE,SERIALIZABLE,NORMAL,8,1,1,0,1,7,7,7,0,0,0,20.86,22.11,357.53,22.38,52871cd8-c451-4417-b658-135e85f7adb5,7
3194,STREAM_LIMIT,SERIALIZABLE,SERIALIZABLE,SERIALIZABLE,NORMAL,8,1,1,0,1,7,7,7,0,0,0,11.72,12.67,626.78,12.76,52871cd8-c451-4417-b658-135e85f7adb5,8
3195,STREAM_LIMIT,SERIALIZABLE,SERIALIZABLE,SERIALIZABLE,NORMAL,8,1,1,0,1,7,7,7,0,0,0,11.54,12.44,634.96,12.6,52871cd8-c451-4417-b658-135e85f7adb5,9
3196,STREAM_LIMIT,SERIALIZABLE,SERIALIZABLE,SERIALIZABLE,NORMAL,8,1,1,0,1,7,7,7,0,0,0,14.24,14.75,542.08,14.76,52871cd8-c451-4417-b658-135e85f7adb5,10
3197,STREAM_LIMIT,SERIALIZABLE,SERIALIZABLE,SERIALIZABLE,NORMAL,8,1,1,20,1,7,7,7,0,0,0,29.49,32.82,242.3,33.02,52871cd8-c451-4417-b658-135e85f7adb5,1
3198,STREAM_LIMIT,SERIALIZABLE,SERIALIZABLE,SERIALIZABLE,NORMAL,8,1,1,20,1,7,7,7,0,0,0,31.29,31.86,249.45,32.07,52871cd8-c451-4417-b658-135e85f7adb5,2
3199,STREAM_LIMIT,SERIALIZABLE,SERIALIZABLE,SERIALIZABLE,NORMAL,8,1,1,20,1,7,7,7,0,0,0,31.87,32.01,249.38,32.08,52871cd8-c451-4417-b658-135e85f7adb5,3
3200,STREAM_LIMIT,SERIALIZABLE,SERIALIZABLE,SERIALIZABLE,NORMAL,8,1,1,20,1,7,7,7,0,0,0,28.85,30.52,261.17,30.63,52871cd8-c451-4417-b658-135e85f7adb5,4
3201,STREAM_LIMIT,SERIALIZABLE,SERIALIZABLE,SERIALIZABLE,NORMAL,8,1,1,20,1,7,7,7,0,0,0,31.68,32.96,242,33.06,52871cd8-c451-4417-b658-135e85f7adb5,5
3202,STREAM_LIMIT,SERIALIZABLE,SERIALIZABLE,SERIALIZABLE,NORMAL,8,1,1,20,1,7,7,7,0,0,0,28.99,30.23,263.78,30.33,52871cd8-c451-4417-b658-135e85f7adb5,6
3203,STREAM_LIMIT,SERIALIZABLE,SERIALIZABLE,SERIALIZABLE,NORMAL,8,1,1,20,1,7,7,7,0,0,0,33.99,34.83,228.3,35.04,52871cd8-c451-4417-b658-135e85f7adb5,7
3204,STREAM_LIMIT,SERIALIZABLE,SERIALIZABLE,SERIALIZABLE,NORMAL,8,1,1,20,1,7,7,7,0,0,0,29.6,33.68,237.02,33.75,52871cd8-c451-4417-b658-135e85f7adb5,8
3205,STREAM_LIMIT,SERIALIZABLE,SERIALIZABLE,SERIALIZABLE,NORMAL,8,1,1,20,1,7,7,7,0,0,0,32.75,33.27,240.19,33.31,52871cd8-c451-4417-b658-135e85f7adb5,9
3206,STREAM_LIMIT,SERIALIZABLE,SERIALIZABLE,SERIALIZABLE,NORMAL,8,1,1,20,1,7,7,7,0,0,0,29.71,32.04,249.05,32.12,52871cd8-c451-4417-b658-135e85f7adb5,10
3207,STREAM_LIMIT,SERIALIZABLE,SERIALIZABLE,SERIALIZABLE,NORMAL,8,16,1,0,8,0,12,12,0,0,0,12.19,39.83,200.49,39.9,52871cd8-c451-4417-b658-135e85f7adb5,1
3208,STREAM_LIMIT,SERIALIZABLE,SERIALIZABLE,SERIALIZABLE,NORMAL,8,16,1,0,8,0,5,5,0,0,0,8.83,12.3,643.95,12.42,52871cd8-c451-4417-b658-135e85f7adb5,2
3209,STREAM_LIMIT,SERIALIZABLE,SERIALIZABLE,SERIALIZABLE,NORMAL,8,16,1,0,8,0,10,10,0,0,0,11.84,23.98,333.06,24.02,52871cd8-c451-4417-b658-135e85f7adb5,3
3210,STREAM_LIMIT,SERIALIZABLE,SERIALIZABLE,SERIALIZABLE,NORMAL,8,16,1,0,8,0,5,5,0,0,0,6.92,18.89,419.8,19.06,52871cd8-c451-4417-b658-135e85f7adb5,4
3211,STREAM_LIMIT,SERIALIZABLE,SERIALIZABLE,SERIALIZABLE,NORMAL,8,16,1,0,8,0,11,11,0,0,0,13.47,27.74,286.57,27.92,52871cd8-c451-4417-b658-135e85f7adb5,5
3212,STREAM_LIMIT,SERIALIZABLE,SERIALIZABLE,SERIALIZABLE,NORMAL,8,16,1,0,8,0,10,10,0,0,0,10.68,38.91,204.95,39.03,52871cd8-c451-4417-b658-135e85f7adb5,6
3213,STREAM_LIMIT,SERIALIZABLE,SERIALIZABLE,SERIALIZABLE,NORMAL,8,16,1,0,8,0,13,13,0,0,0,19.2,50.71,157.21,50.89,52871cd8-c451-4417-b658-135e85f7adb5,7
3214,STREAM_LIMIT,SERIALIZABLE,SERIALIZABLE,SERIALIZABLE,NORMAL,8,16,1,0,8,0,4,4,0,0,0,7.99,10.79,729.87,10.96,52871cd8-c451-4417-b658-135e85f7adb5,8
3215,STREAM_LIMIT,SERIALIZABLE,SERIALIZABLE,SERIALIZABLE,NORMAL,8,16,1,0,8,0,5,5,0,0,0,8.97,23.05,342.74,23.34,52871cd8-c451-4417-b658-135e85f7adb5,9
3216,STREAM_LIMIT,SERIALIZABLE,SERIALIZABLE,SERIALIZABLE,NORMAL,8,16,1,0,8,0,5,5,0,0,0,9.83,22.46,352.31,22.71,52871cd8-c451-4417-b658-135e85f7adb5,10
3217,STREAM_LIMIT,SERIALIZABLE,SERIALIZABLE,SERIALIZABLE,NORMAL,8,16,1,20,8,0,16,16,0,0,0,87.35,205.73,38.87,205.81,52871cd8-c451-4417-b658-135e85f7adb5,1
3218,STREAM_LIMIT,SERIALIZABLE,SERIALIZABLE,SERIALIZABLE,NORMAL,8,16,1,20,8,0,19,19,0,0,0,92.49,217.84,36.65,218.3,52871cd8-c451-4417-b658-135e85f7adb5,2
3219,STREAM_LIMIT,SERIALIZABLE,SERIALIZABLE,SERIALIZABLE,NORMAL,8,16,1,20,8,0,8,8,0,0,0,58.4,150.75,52.95,151.08,52871cd8-c451-4417-b658-135e85f7adb5,3
3220,STREAM_LIMIT,SERIALIZABLE,SERIALIZABLE,SERIALIZABLE,NORMAL,8,16,1,20,8,0,14,14,0,0,0,89.9,146.98,54.31,147.3,52871cd8-c451-4417-b658-135e85f7adb5,4
3221,STREAM_LIMIT,SERIALIZABLE,SERIALIZABLE,SERIALIZABLE,NORMAL,8,16,1,20,8,0,12,12,0,0,0,85.56,147.72,54.04,148.04,52871cd8-c451-4417-b658-135e85f7adb5,5
3222,STREAM_LIMIT,SERIALIZABLE,SERIALIZABLE,SERIALIZABLE,NORMAL,8,16,1,20,8,0,21,21,0,0,0,95.77,341.02,23.43,341.39,52871cd8-c451-4417-b658-135e85f7adb5,6
3223,STREAM_LIMIT,SERIALIZABLE,SERIALIZABLE,SERIALIZABLE,NORMAL,8,16,1,20,8,0,8,8,0,0,0,58.43,141.75,56.28,142.15,52871cd8-c451-4417-b658-135e85f7adb5,7
3224,STREAM_LIMIT,SERIALIZABLE,SERIALIZABLE,SERIALIZABLE,NORMAL,8,16,1,20,8,0,18,18,0,0,0,97.7,203.48,39.23,203.91,52871cd8-c451-4417-b658-135e85f7adb5,8
3225,STREAM_LIMIT,SERIALIZABLE,SERIALIZABLE,SERIALIZABLE,NORMAL,8,16,1,20,8,0,22,22,0,0,0,136.03,270.02,29.61,270.18,52871cd8-c451-4417-b658-135e85f7adb5,9
3226,STREAM_LIMIT,SERIALIZABLE,SERIALIZABLE,SERIALIZABLE,NORMAL,8,16,1,20,8,0,14,14,0,0,0,87.46,151.1,52.87,151.32,52871cd8-c451-4417-b658-135e85f7adb5,10
3227,STREAM_LIMIT,SERIALIZABLE,SERIALIZABLE,SERIALIZABLE,NORMAL,32,1,1,0,1,31,69,69,0,0,0,47.15,62.4,472.22,67.77,52871cd8-c451-4417-b658-135e85f7adb5,1
3228,STREAM_LIMIT,SERIALIZABLE,SERIALIZABLE,SERIALIZABLE,NORMAL,32,1,1,0,1,31,62,62,0,0,0,30.69,35.68,885.2,36.15,52871cd8-c451-4417-b658-135e85f7adb5,2
3229,STREAM_LIMIT,SERIALIZABLE,SERIALIZABLE,SERIALIZABLE,NORMAL,32,1,1,0,1,31,64,64,0,0,0,32.94,52.06,582.53,54.93,52871cd8-c451-4417-b658-135e85f7adb5,3
3230,STREAM_LIMIT,SERIALIZABLE,SERIALIZABLE,SERIALIZABLE,NORMAL,32,1,1,0,1,31,64,64,0,0,0,31.76,49.16,645.5,49.57,52871cd8-c451-4417-b658-135e85f7adb5,4
3231,STREAM_LIMIT,SERIALIZABLE,SERIALIZABLE,SERIALIZABLE,NORMAL,32,1,1,0,1,31,64,64,0,0,0,31.27,50.21,628.13,50.95,52871cd8-c451-4417-b658-135e85f7adb5,5
3232,STREAM_LIMIT,SERIALIZABLE,SERIALIZABLE,SERIALIZABLE,NORMAL,32,1,1,0,1,31,70,70,0,0,0,32.2,50.69,623.49,51.32,52871cd8-c451-4417-b658-135e85f7adb5,6
3233,STREAM_LIMIT,SERIALIZABLE,SERIALIZABLE,SERIALIZABLE,NORMAL,32,1,1,0,1,31,65,65,0,0,0,35.89,43.46,561.34,57.01,52871cd8-c451-4417-b658-135e85f7adb5,7
3234,STREAM_LIMIT,SERIALIZABLE,SERIALIZABLE,SERIALIZABLE,NORMAL,32,1,1,0,1,31,82,82,0,0,0,46.35,62.24,492.16,65.02,52871cd8-c451-4417-b658-135e85f7adb5,8
3235,STREAM_LIMIT,SERIALIZABLE,SERIALIZABLE,SERIALIZABLE,NORMAL,32,1,1,0,1,31,63,63,0,0,0,32.27,37.76,640.65,49.95,52871cd8-c451-4417-b658-135e85f7adb5,9
3236,STREAM_LIMIT,SERIALIZABLE,SERIALIZABLE,SERIALIZABLE,NORMAL,32,1,1,0,1,31,43,43,0,0,0,22.5,30.65,1035.43,30.91,52871cd8-c451-4417-b658-135e85f7adb5,10
3237,STREAM_LIMIT,SERIALIZABLE,SERIALIZABLE,SERIALIZABLE,NORMAL,32,1,1,20,1,31,62,62,0,0,0,69.5,76.42,418.42,76.48,52871cd8-c451-4417-b658-135e85f7adb5,1
3238,STREAM_LIMIT,SERIALIZABLE,SERIALIZABLE,SERIALIZABLE,NORMAL,32,1,1,20,1,31,124,124,0,0,0,173.08,198.01,157.41,203.29,52871cd8-c451-4417-b658-135e85f7adb5,2
3239,STREAM_LIMIT,SERIALIZABLE,SERIALIZABLE,SERIALIZABLE,NORMAL,32,1,1,20,1,31,63,63,0,0,0,71.6,75.12,399.04,80.19,52871cd8-c451-4417-b658-135e85f7adb5,3
3240,STREAM_LIMIT,SERIALIZABLE,SERIALIZABLE,SERIALIZABLE,NORMAL,32,1,1,20,1,31,31,31,0,0,0,50.96,52.12,609.49,52.5,52871cd8-c451-4417-b658-135e85f7adb5,4
3241,STREAM_LIMIT,SERIALIZABLE,SERIALIZABLE,SERIALIZABLE,NORMAL,32,1,1,20,1,31,31,31,0,0,0,40.63,41.04,777.13,41.18,52871cd8-c451-4417-b658-135e85f7adb5,5
3242,STREAM_LIMIT,SERIALIZABLE,SERIALIZABLE,SERIALIZABLE,NORMAL,32,1,1,20,1,31,62,62,0,0,0,74.45,76.99,414.35,77.23,52871cd8-c451-4417-b658-135e85f7adb5,6
3243,STREAM_LIMIT,SERIALIZABLE,SERIALIZABLE,SERIALIZABLE,NORMAL,32,1,1,20,1,31,61,61,0,0,0,71.32,73.79,418.44,76.47,52871cd8-c451-4417-b658-135e85f7adb5,7
3244,STREAM_LIMIT,SERIALIZABLE,SERIALIZABLE,SERIALIZABLE,NORMAL,32,1,1,20,1,31,124,124,0,0,0,167.87,193.34,159.81,200.23,52871cd8-c451-4417-b658-135e85f7adb5,8
3245,STREAM_LIMIT,SERIALIZABLE,SERIALIZABLE,SERIALIZABLE,NORMAL,32,1,1,20,1,0,155,186,0,31,0,294.16,338.67,94.1,340.06,52871cd8-c451-4417-b658-135e85f7adb5,9
3246,STREAM_LIMIT,SERIALIZABLE,SERIALIZABLE,SERIALIZABLE,NORMAL,32,1,1,20,1,31,62,62,0,0,0,73.78,78.33,392.77,81.47,52871cd8-c451-4417-b658-135e85f7adb5,10
3247,STREAM_LIMIT,SERIALIZABLE,SERIALIZABLE,SERIALIZABLE,NORMAL,32,16,1,0,16,16,66,66,0,0,0,32.45,58.02,483.68,66.16,52871cd8-c451-4417-b658-135e85f7adb5,1
3248,STREAM_LIMIT,SERIALIZABLE,SERIALIZABLE,SERIALIZABLE,NORMAL,32,16,1,0,16,16,48,48,0,0,0,39.71,58.44,477.64,67,52871cd8-c451-4417-b658-135e85f7adb5,2
3249,STREAM_LIMIT,SERIALIZABLE,SERIALIZABLE,SERIALIZABLE,NORMAL,32,16,1,0,16,16,63,63,0,0,0,31.13,56.39,509.57,62.8,52871cd8-c451-4417-b658-135e85f7adb5,3
3250,STREAM_LIMIT,SERIALIZABLE,SERIALIZABLE,SERIALIZABLE,NORMAL,32,16,1,0,16,16,48,48,0,0,0,38.45,60.46,494.27,64.74,52871cd8-c451-4417-b658-135e85f7adb5,4
3251,STREAM_LIMIT,SERIALIZABLE,SERIALIZABLE,SERIALIZABLE,NORMAL,32,16,1,0,16,16,83,83,0,0,0,52.56,69.65,257.85,124.11,52871cd8-c451-4417-b658-135e85f7adb5,5
3252,STREAM_LIMIT,SERIALIZABLE,SERIALIZABLE,SERIALIZABLE,NORMAL,32,16,1,0,16,16,45,45,0,0,0,38.03,55.48,508.33,62.95,52871cd8-c451-4417-b658-135e85f7adb5,6
3253,STREAM_LIMIT,SERIALIZABLE,SERIALIZABLE,SERIALIZABLE,NORMAL,32,16,1,0,16,16,80,80,0,0,0,41.28,72.39,369.18,86.68,52871cd8-c451-4417-b658-135e85f7adb5,7
3254,STREAM_LIMIT,SERIALIZABLE,SERIALIZABLE,SERIALIZABLE,NORMAL,32,16,1,0,16,16,43,43,0,0,0,38.71,58.78,410.85,77.89,52871cd8-c451-4417-b658-135e85f7adb5,8
3255,STREAM_LIMIT,SERIALIZABLE,SERIALIZABLE,SERIALIZABLE,NORMAL,32,16,1,0,16,16,81,81,0,0,0,43.98,65.17,380.97,84,52871cd8-c451-4417-b658-135e85f7adb5,9
3256,STREAM_LIMIT,SERIALIZABLE,SERIALIZABLE,SERIALIZABLE,NORMAL,32,16,1,0,16,16,72,72,0,0,0,47.26,74.98,319.71,100.09,52871cd8-c451-4417-b658-135e85f7adb5,10
3257,STREAM_LIMIT,SERIALIZABLE,SERIALIZABLE,SERIALIZABLE,NORMAL,32,16,1,20,8,7,142,159,0,17,0,295.05,347.84,91.61,349.3,52871cd8-c451-4417-b658-135e85f7adb5,1
3258,STREAM_LIMIT,SERIALIZABLE,SERIALIZABLE,SERIALIZABLE,NORMAL,32,16,1,20,1,0,155,186,0,31,0,318.19,358,88.97,359.68,52871cd8-c451-4417-b658-135e85f7adb5,2
3259,STREAM_LIMIT,SERIALIZABLE,SERIALIZABLE,SERIALIZABLE,NORMAL,32,16,1,20,12,9,138,149,0,11,0,326.7,386.91,82.28,388.91,52871cd8-c451-4417-b658-135e85f7adb5,3
3260,STREAM_LIMIT,SERIALIZABLE,SERIALIZABLE,SERIALIZABLE,NORMAL,32,16,1,20,9,7,139,155,0,16,0,310.4,353.29,90.1,355.16,52871cd8-c451-4417-b658-135e85f7adb5,4
3261,STREAM_LIMIT,SERIALIZABLE,SERIALIZABLE,SERIALIZABLE,NORMAL,32,16,1,20,10,5,141,158,0,17,0,313.58,369.28,86.5,369.96,52871cd8-c451-4417-b658-135e85f7adb5,5
3262,STREAM_LIMIT,SERIALIZABLE,SERIALIZABLE,SERIALIZABLE,NORMAL,32,16,1,20,6,3,141,164,0,23,0,334.74,373.52,82.37,388.49,52871cd8-c451-4417-b658-135e85f7adb5,6
3263,STREAM_LIMIT,SERIALIZABLE,SERIALIZABLE,SERIALIZABLE,NORMAL,32,16,1,20,11,7,134,148,0,14,0,314.8,359.26,88.75,360.58,52871cd8-c451-4417-b658-135e85f7adb5,7
3264,STREAM_LIMIT,SERIALIZABLE,SERIALIZABLE,SERIALIZABLE,NORMAL,32,16,1,20,14,10,129,137,0,8,0,230.17,345.8,92.09,347.5,52871cd8-c451-4417-b658-135e85f7adb5,8
3265,STREAM_LIMIT,SERIALIZABLE,SERIALIZABLE,SERIALIZABLE,NORMAL,32,16,1,20,1,0,155,186,0,31,0,347.3,392.81,81.07,394.71,52871cd8-c451-4417-b658-135e85f7adb5,9
3266,STREAM_LIMIT,SERIALIZABLE,SERIALIZABLE,SERIALIZABLE,NORMAL,32,16,1,20,10,7,133,148,0,15,0,303.78,360.3,88.3,362.4,52871cd8-c451-4417-b658-135e85f7adb5,10
3267,STREAM_LIMIT,SERIALIZABLE,SERIALIZABLE,SERIALIZABLE,NORMAL,64,1,1,0,1,63,191,191,0,0,0,129.03,142.78,405.65,157.77,52871cd8-c451-4417-b658-135e85f7adb5,1
3268,STREAM_LIMIT,SERIALIZABLE,SERIALIZABLE,SERIALIZABLE,NORMAL,64,1,1,0,1,63,187,187,0,0,0,89.54,97.33,486.36,131.59,52871cd8-c451-4417-b658-135e85f7adb5,2
3269,STREAM_LIMIT,SERIALIZABLE,SERIALIZABLE,SERIALIZABLE,NORMAL,64,1,1,0,1,63,196,196,0,0,0,90.79,117.75,500.08,127.98,52871cd8-c451-4417-b658-135e85f7adb5,3
3270,STREAM_LIMIT,SERIALIZABLE,SERIALIZABLE,SERIALIZABLE,NORMAL,64,1,1,0,1,63,205,205,0,0,0,85.52,116.91,498.73,128.33,52871cd8-c451-4417-b658-135e85f7adb5,4
3271,STREAM_LIMIT,SERIALIZABLE,SERIALIZABLE,SERIALIZABLE,NORMAL,64,1,1,0,1,63,193,193,0,0,0,79.51,93.83,540.99,118.3,52871cd8-c451-4417-b658-135e85f7adb5,5
3272,STREAM_LIMIT,SERIALIZABLE,SERIALIZABLE,SERIALIZABLE,NORMAL,64,1,1,0,1,63,198,198,0,0,0,88.36,115.27,494.21,129.5,52871cd8-c451-4417-b658-135e85f7adb5,6
3273,STREAM_LIMIT,SERIALIZABLE,SERIALIZABLE,SERIALIZABLE,NORMAL,64,1,1,0,1,63,197,197,0,0,0,93.79,133.42,461.82,138.58,52871cd8-c451-4417-b658-135e85f7adb5,7
3274,STREAM_LIMIT,SERIALIZABLE,SERIALIZABLE,SERIALIZABLE,NORMAL,64,1,1,0,1,63,191,191,0,0,0,111.17,119.14,474.25,134.95,52871cd8-c451-4417-b658-135e85f7adb5,8
3275,STREAM_LIMIT,SERIALIZABLE,SERIALIZABLE,SERIALIZABLE,NORMAL,64,1,1,0,1,63,198,198,0,0,0,135.23,147.73,370.43,172.77,52871cd8-c451-4417-b658-135e85f7adb5,9
3276,STREAM_LIMIT,SERIALIZABLE,SERIALIZABLE,SERIALIZABLE,NORMAL,64,1,1,0,1,63,203,203,0,0,0,150.46,170.65,349.53,183.11,52871cd8-c451-4417-b658-135e85f7adb5,10
3277,STREAM_LIMIT,SERIALIZABLE,SERIALIZABLE,SERIALIZABLE,NORMAL,64,1,1,20,1,0,315,378,0,63,0,335.93,386.15,163.52,391.4,52871cd8-c451-4417-b658-135e85f7adb5,1
3278,STREAM_LIMIT,SERIALIZABLE,SERIALIZABLE,SERIALIZABLE,NORMAL,64,1,1,20,1,0,315,378,0,63,0,374.5,432.96,142.12,450.34,52871cd8-c451-4417-b658-135e85f7adb5,2
3279,STREAM_LIMIT,SERIALIZABLE,SERIALIZABLE,SERIALIZABLE,NORMAL,64,1,1,20,1,63,315,315,0,0,0,325.79,351.54,168.36,380.14,52871cd8-c451-4417-b658-135e85f7adb5,3
3280,STREAM_LIMIT,SERIALIZABLE,SERIALIZABLE,SERIALIZABLE,NORMAL,64,1,1,20,1,63,315,315,0,0,0,310.09,361.82,170.54,375.28,52871cd8-c451-4417-b658-135e85f7adb5,4
3281,STREAM_LIMIT,SERIALIZABLE,SERIALIZABLE,SERIALIZABLE,NORMAL,64,1,1,20,1,63,255,255,0,0,0,211.75,235.91,248.5,257.55,52871cd8-c451-4417-b658-135e85f7adb5,5
3282,STREAM_LIMIT,SERIALIZABLE,SERIALIZABLE,SERIALIZABLE,NORMAL,64,1,1,20,1,0,315,378,0,63,0,335.78,382.57,166.33,384.77,52871cd8-c451-4417-b658-135e85f7adb5,6
3283,STREAM_LIMIT,SERIALIZABLE,SERIALIZABLE,SERIALIZABLE,NORMAL,64,1,1,20,1,0,315,378,0,63,0,332.87,383.5,158.11,404.77,52871cd8-c451-4417-b658-135e85f7adb5,7
3284,STREAM_LIMIT,SERIALIZABLE,SERIALIZABLE,SERIALIZABLE,NORMAL,64,1,1,20,1,63,315,315,0,0,0,296.37,340.29,181.07,353.45,52871cd8-c451-4417-b658-135e85f7adb5,8
3285,STREAM_LIMIT,SERIALIZABLE,SERIALIZABLE,SERIALIZABLE,NORMAL,64,1,1,20,1,0,315,378,0,63,0,321.01,366.69,170.72,374.87,52871cd8-c451-4417-b658-135e85f7adb5,9
3286,STREAM_LIMIT,SERIALIZABLE,SERIALIZABLE,SERIALIZABLE,NORMAL,64,1,1,20,1,0,315,378,0,63,0,326.62,379.82,164.48,389.11,52871cd8-c451-4417-b658-135e85f7adb5,10
3287,STREAM_LIMIT,SERIALIZABLE,SERIALIZABLE,SERIALIZABLE,NORMAL,64,16,1,0,16,48,252,252,0,0,0,143.04,214.92,250.36,255.63,52871cd8-c451-4417-b658-135e85f7adb5,1
3288,STREAM_LIMIT,SERIALIZABLE,SERIALIZABLE,SERIALIZABLE,NORMAL,64,16,1,0,16,48,222,222,0,0,0,156.9,248.19,240.48,266.14,52871cd8-c451-4417-b658-135e85f7adb5,2
3289,STREAM_LIMIT,SERIALIZABLE,SERIALIZABLE,SERIALIZABLE,NORMAL,64,16,1,0,16,48,261,261,0,0,0,142.33,226.9,256.07,249.94,52871cd8-c451-4417-b658-135e85f7adb5,3
3290,STREAM_LIMIT,SERIALIZABLE,SERIALIZABLE,SERIALIZABLE,NORMAL,64,16,1,0,16,48,198,198,0,0,0,118.98,159.95,292.65,218.69,52871cd8-c451-4417-b658-135e85f7adb5,4
3291,STREAM_LIMIT,SERIALIZABLE,SERIALIZABLE,SERIALIZABLE,NORMAL,64,16,1,0,16,48,191,191,0,0,0,115.23,153.17,404.03,158.4,52871cd8-c451-4417-b658-135e85f7adb5,5
3292,STREAM_LIMIT,SERIALIZABLE,SERIALIZABLE,SERIALIZABLE,NORMAL,64,16,1,0,16,48,194,194,0,0,0,128.49,169.64,347.45,184.2,52871cd8-c451-4417-b658-135e85f7adb5,6
3293,STREAM_LIMIT,SERIALIZABLE,SERIALIZABLE,SERIALIZABLE,NORMAL,64,16,1,0,16,48,252,252,0,0,0,137.36,159.39,281.99,226.96,52871cd8-c451-4417-b658-135e85f7adb5,7
3294,STREAM_LIMIT,SERIALIZABLE,SERIALIZABLE,SERIALIZABLE,NORMAL,64,16,1,0,16,48,220,220,0,0,0,131.92,191.46,301.93,211.97,52871cd8-c451-4417-b658-135e85f7adb5,8
3295,STREAM_LIMIT,SERIALIZABLE,SERIALIZABLE,SERIALIZABLE,NORMAL,64,16,1,0,16,48,241,241,0,0,0,142.18,171.38,254.44,251.53,52871cd8-c451-4417-b658-135e85f7adb5,9
3296,STREAM_LIMIT,SERIALIZABLE,SERIALIZABLE,SERIALIZABLE,NORMAL,64,16,1,0,16,48,171,171,0,0,0,113.64,159.72,372.65,171.74,52871cd8-c451-4417-b658-135e85f7adb5,10
3297,STREAM_LIMIT,SERIALIZABLE,SERIALIZABLE,SERIALIZABLE,NORMAL,64,16,1,20,5,5,315,369,0,54,0,330.71,376.62,161.54,396.18,52871cd8-c451-4417-b658-135e85f7adb5,1
3298,STREAM_LIMIT,SERIALIZABLE,SERIALIZABLE,SERIALIZABLE,NORMAL,64,16,1,20,1,0,315,378,0,63,0,321.17,371.07,166.41,384.59,52871cd8-c451-4417-b658-135e85f7adb5,2
3299,STREAM_LIMIT,SERIALIZABLE,SERIALIZABLE,SERIALIZABLE,NORMAL,64,16,1,20,1,0,315,378,0,63,0,334.17,369.62,169.27,378.08,52871cd8-c451-4417-b658-135e85f7adb5,3
3300,STREAM_LIMIT,SERIALIZABLE,SERIALIZABLE,SERIALIZABLE,NORMAL,64,16,1,20,1,0,315,378,0,63,0,329.33,375.58,165.07,387.72,52871cd8-c451-4417-b658-135e85f7adb5,4
3301,STREAM_LIMIT,SERIALIZABLE,SERIALIZABLE,SERIALIZABLE,NORMAL,64,16,1,20,1,0,315,378,0,63,0,330.76,389.38,162.97,392.71,52871cd8-c451-4417-b658-135e85f7adb5,5
3302,STREAM_LIMIT,SERIALIZABLE,SERIALIZABLE,SERIALIZABLE,NORMAL,64,16,1,20,1,0,315,378,0,63,0,334.39,376.8,160.72,398.22,52871cd8-c451-4417-b658-135e85f7adb5,6
3303,STREAM_LIMIT,SERIALIZABLE,SERIALIZABLE,SERIALIZABLE,NORMAL,64,16,1,20,1,0,315,378,0,63,0,328.08,379.85,157.03,407.57,52871cd8-c451-4417-b658-135e85f7adb5,7
3304,STREAM_LIMIT,SERIALIZABLE,SERIALIZABLE,SERIALIZABLE,NORMAL,64,16,1,20,1,0,315,378,0,63,0,328.83,380.85,163.24,392.07,52871cd8-c451-4417-b658-135e85f7adb5,8
3305,STREAM_LIMIT,SERIALIZABLE,SERIALIZABLE,SERIALIZABLE,NORMAL,64,16,1,20,4,9,298,349,0,51,0,322.45,376.64,164.49,389.09,52871cd8-c451-4417-b658-135e85f7adb5,9
3306,STREAM_LIMIT,SERIALIZABLE,SERIALIZABLE,SERIALIZABLE,NORMAL,64,16,1,20,1,0,315,378,0,63,0,326.66,382.99,160.46,398.85,52871cd8-c451-4417-b658-135e85f7adb5,10
3307,STREAM_LIMIT,PESSIMISTIC,PESSIMISTIC,READ COMMITTED,NORMAL,2,1,1,0,1,1,0,0,0,0,0,2.4,3.52,534.09,3.74,52871cd8-c451-4417-b658-135e85f7adb5,1
3308,STREAM_LIMIT,PESSIMISTIC,PESSIMISTIC,READ COMMITTED,NORMAL,2,1,1,0,1,1,0,0,0,0,0,2.11,3.09,636.99,3.14,52871cd8-c451-4417-b658-135e85f7adb5,2
3309,STREAM_LIMIT,PESSIMISTIC,PESSIMISTIC,READ COMMITTED,NORMAL,2,1,1,0,1,1,0,0,0,0,0,2.26,3.37,592.89,3.37,52871cd8-c451-4417-b658-135e85f7adb5,3
3310,STREAM_LIMIT,PESSIMISTIC,PESSIMISTIC,READ COMMITTED,NORMAL,2,1,1,0,1,1,0,0,0,0,0,2.05,2.92,665.01,3.01,52871cd8-c451-4417-b658-135e85f7adb5,4
3311,STREAM_LIMIT,PESSIMISTIC,PESSIMISTIC,READ COMMITTED,NORMAL,2,1,1,0,1,1,0,0,0,0,0,2.33,3.36,581.29,3.44,52871cd8-c451-4417-b658-135e85f7adb5,5
3312,STREAM_LIMIT,PESSIMISTIC,PESSIMISTIC,READ COMMITTED,NORMAL,2,1,1,0,1,1,0,0,0,0,0,2.89,3.83,509.29,3.93,52871cd8-c451-4417-b658-135e85f7adb5,6
3313,STREAM_LIMIT,PESSIMISTIC,PESSIMISTIC,READ COMMITTED,NORMAL,2,1,1,0,1,1,0,0,0,0,0,2.15,3.12,623.83,3.21,52871cd8-c451-4417-b658-135e85f7adb5,7
3314,STREAM_LIMIT,PESSIMISTIC,PESSIMISTIC,READ COMMITTED,NORMAL,2,1,1,0,1,1,0,0,0,0,0,1.92,2.95,661.6,3.02,52871cd8-c451-4417-b658-135e85f7adb5,8
3315,STREAM_LIMIT,PESSIMISTIC,PESSIMISTIC,READ COMMITTED,NORMAL,2,1,1,0,1,1,0,0,0,0,0,3.91,4.88,403.75,4.95,52871cd8-c451-4417-b658-135e85f7adb5,9
3316,STREAM_LIMIT,PESSIMISTIC,PESSIMISTIC,READ COMMITTED,NORMAL,2,1,1,0,1,1,0,0,0,0,0,2.23,3.1,623.9,3.21,52871cd8-c451-4417-b658-135e85f7adb5,10
3317,STREAM_LIMIT,PESSIMISTIC,PESSIMISTIC,READ COMMITTED,NORMAL,2,1,1,20,1,1,0,0,0,0,0,23.78,25.17,79.3,25.22,52871cd8-c451-4417-b658-135e85f7adb5,1
3318,STREAM_LIMIT,PESSIMISTIC,PESSIMISTIC,READ COMMITTED,NORMAL,2,1,1,20,1,1,0,0,0,0,0,24.4,25.37,78.65,25.43,52871cd8-c451-4417-b658-135e85f7adb5,2
3319,STREAM_LIMIT,PESSIMISTIC,PESSIMISTIC,READ COMMITTED,NORMAL,2,1,1,20,1,1,0,0,0,0,0,24.72,25.93,76.96,25.99,52871cd8-c451-4417-b658-135e85f7adb5,3
3320,STREAM_LIMIT,PESSIMISTIC,PESSIMISTIC,READ COMMITTED,NORMAL,2,1,1,20,1,1,0,0,0,0,0,24.71,26,76.8,26.04,52871cd8-c451-4417-b658-135e85f7adb5,4
3321,STREAM_LIMIT,PESSIMISTIC,PESSIMISTIC,READ COMMITTED,NORMAL,2,1,1,20,1,1,0,0,0,0,0,24.99,26.47,75.43,26.51,52871cd8-c451-4417-b658-135e85f7adb5,5
3322,STREAM_LIMIT,PESSIMISTIC,PESSIMISTIC,READ COMMITTED,NORMAL,2,1,1,20,1,1,0,0,0,0,0,24.84,26.33,75.81,26.38,52871cd8-c451-4417-b658-135e85f7adb5,6
3323,STREAM_LIMIT,PESSIMISTIC,PESSIMISTIC,READ COMMITTED,NORMAL,2,1,1,20,1,1,0,0,0,0,0,23.82,25.06,79.59,25.13,52871cd8-c451-4417-b658-135e85f7adb5,7
3324,STREAM_LIMIT,PESSIMISTIC,PESSIMISTIC,READ COMMITTED,NORMAL,2,1,1,20,1,1,0,0,0,0,0,24.03,25.77,77.45,25.82,52871cd8-c451-4417-b658-135e85f7adb5,8
3325,STREAM_LIMIT,PESSIMISTIC,PESSIMISTIC,READ COMMITTED,NORMAL,2,1,1,20,1,1,0,0,0,0,0,25.24,26.55,75.15,26.61,52871cd8-c451-4417-b658-135e85f7adb5,9
3326,STREAM_LIMIT,PESSIMISTIC,PESSIMISTIC,READ COMMITTED,NORMAL,2,1,1,20,1,1,0,0,0,0,0,25.04,26.35,75.74,26.41,52871cd8-c451-4417-b658-135e85f7adb5,10
3327,STREAM_LIMIT,PESSIMISTIC,PESSIMISTIC,READ COMMITTED,NORMAL,2,16,1,0,2,0,0,0,0,0,0,2.51,2.67,732.12,2.73,52871cd8-c451-4417-b658-135e85f7adb5,1
3328,STREAM_LIMIT,PESSIMISTIC,PESSIMISTIC,READ COMMITTED,NORMAL,2,16,1,0,2,0,0,0,0,0,0,2.35,3.53,556.86,3.59,52871cd8-c451-4417-b658-135e85f7adb5,2
3329,STREAM_LIMIT,PESSIMISTIC,PESSIMISTIC,READ COMMITTED,NORMAL,2,16,1,0,2,0,0,0,0,0,0,2.36,2.59,755.73,2.65,52871cd8-c451-4417-b658-135e85f7adb5,3
3330,STREAM_LIMIT,PESSIMISTIC,PESSIMISTIC,READ COMMITTED,NORMAL,2,16,1,0,2,0,0,0,0,0,0,2.35,2.45,796.64,2.51,52871cd8-c451-4417-b658-135e85f7adb5,4
3331,STREAM_LIMIT,PESSIMISTIC,PESSIMISTIC,READ COMMITTED,NORMAL,2,16,1,0,2,0,0,0,0,0,0,2.31,2.62,762.46,2.62,52871cd8-c451-4417-b658-135e85f7adb5,5
3332,STREAM_LIMIT,PESSIMISTIC,PESSIMISTIC,READ COMMITTED,NORMAL,2,16,1,0,2,0,0,0,0,0,0,4.21,4.81,411.8,4.86,52871cd8-c451-4417-b658-135e85f7adb5,6
3333,STREAM_LIMIT,PESSIMISTIC,PESSIMISTIC,READ COMMITTED,NORMAL,2,16,1,0,2,0,0,0,0,0,0,2.21,2.49,788.45,2.54,52871cd8-c451-4417-b658-135e85f7adb5,7
3334,STREAM_LIMIT,PESSIMISTIC,PESSIMISTIC,READ COMMITTED,NORMAL,2,16,1,0,2,0,0,0,0,0,0,2.08,2.12,935.31,2.14,52871cd8-c451-4417-b658-135e85f7adb5,8
3335,STREAM_LIMIT,PESSIMISTIC,PESSIMISTIC,READ COMMITTED,NORMAL,2,16,1,0,2,0,0,0,0,0,0,2.02,2.25,870.21,2.3,52871cd8-c451-4417-b658-135e85f7adb5,9
3336,STREAM_LIMIT,PESSIMISTIC,PESSIMISTIC,READ COMMITTED,NORMAL,2,16,1,0,2,0,0,0,0,0,0,2.05,2.19,892.69,2.24,52871cd8-c451-4417-b658-135e85f7adb5,10
3337,STREAM_LIMIT,PESSIMISTIC,PESSIMISTIC,READ COMMITTED,NORMAL,2,16,1,20,2,0,0,0,0,0,0,22.83,23.02,86.66,23.08,52871cd8-c451-4417-b658-135e85f7adb5,1
3338,STREAM_LIMIT,PESSIMISTIC,PESSIMISTIC,READ COMMITTED,NORMAL,2,16,1,20,2,0,0,0,0,0,0,22.69,22.93,87.01,22.99,52871cd8-c451-4417-b658-135e85f7adb5,2
3339,STREAM_LIMIT,PESSIMISTIC,PESSIMISTIC,READ COMMITTED,NORMAL,2,16,1,20,2,0,0,0,0,0,0,26.1,26.38,75.66,26.43,52871cd8-c451-4417-b658-135e85f7adb5,3
3340,STREAM_LIMIT,PESSIMISTIC,PESSIMISTIC,READ COMMITTED,NORMAL,2,16,1,20,2,0,0,0,0,0,0,23.43,23.74,84.06,23.79,52871cd8-c451-4417-b658-135e85f7adb5,4
3341,STREAM_LIMIT,PESSIMISTIC,PESSIMISTIC,READ COMMITTED,NORMAL,2,16,1,20,2,0,0,0,0,0,0,25.11,25.45,78.55,25.46,52871cd8-c451-4417-b658-135e85f7adb5,5
3342,STREAM_LIMIT,PESSIMISTIC,PESSIMISTIC,READ COMMITTED,NORMAL,2,16,1,20,2,0,0,0,0,0,0,24.09,24.53,81.53,24.53,52871cd8-c451-4417-b658-135e85f7adb5,6
3343,STREAM_LIMIT,PESSIMISTIC,PESSIMISTIC,READ COMMITTED,NORMAL,2,16,1,20,2,0,0,0,0,0,0,24.71,25.26,79,25.32,52871cd8-c451-4417-b658-135e85f7adb5,7
3344,STREAM_LIMIT,PESSIMISTIC,PESSIMISTIC,READ COMMITTED,NORMAL,2,16,1,20,2,0,0,0,0,0,0,24.77,27.23,73.42,27.24,52871cd8-c451-4417-b658-135e85f7adb5,8
3345,STREAM_LIMIT,PESSIMISTIC,PESSIMISTIC,READ COMMITTED,NORMAL,2,16,1,20,2,0,0,0,0,0,0,25.37,25.66,77.91,25.67,52871cd8-c451-4417-b658-135e85f7adb5,9
3346,STREAM_LIMIT,PESSIMISTIC,PESSIMISTIC,READ COMMITTED,NORMAL,2,16,1,20,2,0,0,0,0,0,0,25.18,25.57,78.06,25.62,52871cd8-c451-4417-b658-135e85f7adb5,10
3347,STREAM_LIMIT,PESSIMISTIC,PESSIMISTIC,READ COMMITTED,NORMAL,8,1,1,0,1,7,0,0,0,0,0,7.29,11.89,662.98,12.07,52871cd8-c451-4417-b658-135e85f7adb5,1
3348,STREAM_LIMIT,PESSIMISTIC,PESSIMISTIC,READ COMMITTED,NORMAL,8,1,1,0,1,7,0,0,0,0,0,7.62,12.34,637.88,12.54,52871cd8-c451-4417-b658-135e85f7adb5,2
3349,STREAM_LIMIT,PESSIMISTIC,PESSIMISTIC,READ COMMITTED,NORMAL,8,1,1,0,1,7,0,0,0,0,0,6.05,10.44,753.2,10.62,52871cd8-c451-4417-b658-135e85f7adb5,3
3350,STREAM_LIMIT,PESSIMISTIC,PESSIMISTIC,READ COMMITTED,NORMAL,8,1,1,0,1,7,0,0,0,0,0,5.72,10.14,774.74,10.33,52871cd8-c451-4417-b658-135e85f7adb5,4
3351,STREAM_LIMIT,PESSIMISTIC,PESSIMISTIC,READ COMMITTED,NORMAL,8,1,1,0,1,7,0,0,0,0,0,6.32,11.7,673.85,11.87,52871cd8-c451-4417-b658-135e85f7adb5,5
3352,STREAM_LIMIT,PESSIMISTIC,PESSIMISTIC,READ COMMITTED,NORMAL,8,1,1,0,1,7,0,0,0,0,0,5.8,10.1,770.93,10.38,52871cd8-c451-4417-b658-135e85f7adb5,6
3353,STREAM_LIMIT,PESSIMISTIC,PESSIMISTIC,READ COMMITTED,NORMAL,8,1,1,0,1,7,0,0,0,0,0,5.92,10.32,758.35,10.55,52871cd8-c451-4417-b658-135e85f7adb5,7
3354,STREAM_LIMIT,PESSIMISTIC,PESSIMISTIC,READ COMMITTED,NORMAL,8,1,1,0,1,7,0,0,0,0,0,6.01,10.38,753.84,10.61,52871cd8-c451-4417-b658-135e85f7adb5,8
3355,STREAM_LIMIT,PESSIMISTIC,PESSIMISTIC,READ COMMITTED,NORMAL,8,1,1,0,1,7,0,0,0,0,0,5.48,9.81,796.23,10.05,52871cd8-c451-4417-b658-135e85f7adb5,9
3356,STREAM_LIMIT,PESSIMISTIC,PESSIMISTIC,READ COMMITTED,NORMAL,8,1,1,0,1,7,0,0,0,0,0,5.97,10.36,756.92,10.57,52871cd8-c451-4417-b658-135e85f7adb5,10
3357,STREAM_LIMIT,PESSIMISTIC,PESSIMISTIC,READ COMMITTED,NORMAL,8,1,1,20,1,7,0,0,0,0,0,29.02,33.25,239.07,33.46,52871cd8-c451-4417-b658-135e85f7adb5,1
3358,STREAM_LIMIT,PESSIMISTIC,PESSIMISTIC,READ COMMITTED,NORMAL,8,1,1,20,1,7,0,0,0,0,0,28.37,32.42,245.34,32.61,52871cd8-c451-4417-b658-135e85f7adb5,2
3359,STREAM_LIMIT,PESSIMISTIC,PESSIMISTIC,READ COMMITTED,NORMAL,8,1,1,20,1,7,0,0,0,0,0,27.54,31.72,251.1,31.86,52871cd8-c451-4417-b658-135e85f7adb5,3
3360,STREAM_LIMIT,PESSIMISTIC,PESSIMISTIC,READ COMMITTED,NORMAL,8,1,1,20,1,7,0,0,0,0,0,28.66,32.79,242.6,32.98,52871cd8-c451-4417-b658-135e85f7adb5,4
3361,STREAM_LIMIT,PESSIMISTIC,PESSIMISTIC,READ COMMITTED,NORMAL,8,1,1,20,1,7,0,0,0,0,0,28.32,32.22,246.65,32.43,52871cd8-c451-4417-b658-135e85f7adb5,5
3362,STREAM_LIMIT,PESSIMISTIC,PESSIMISTIC,READ COMMITTED,NORMAL,8,1,1,20,1,7,0,0,0,0,0,27.45,31.62,252.14,31.73,52871cd8-c451-4417-b658-135e85f7adb5,6
3363,STREAM_LIMIT,PESSIMISTIC,PESSIMISTIC,READ COMMITTED,NORMAL,8,1,1,20,1,7,0,0,0,0,0,27.23,31.11,255.38,31.33,52871cd8-c451-4417-b658-135e85f7adb5,7
3364,STREAM_LIMIT,PESSIMISTIC,PESSIMISTIC,READ COMMITTED,NORMAL,8,1,1,20,1,7,0,0,0,0,0,28.28,32.02,248.21,32.23,52871cd8-c451-4417-b658-135e85f7adb5,8
3365,STREAM_LIMIT,PESSIMISTIC,PESSIMISTIC,READ COMMITTED,NORMAL,8,1,1,20,1,7,0,0,0,0,0,27.42,31.34,253.81,31.52,52871cd8-c451-4417-b658-135e85f7adb5,9
3366,STREAM_LIMIT,PESSIMISTIC,PESSIMISTIC,READ COMMITTED,NORMAL,8,1,1,20,1,7,0,0,0,0,0,28.08,32.13,247.39,32.34,52871cd8-c451-4417-b658-135e85f7adb5,10
3367,STREAM_LIMIT,PESSIMISTIC,PESSIMISTIC,READ COMMITTED,NORMAL,8,16,1,0,8,0,0,0,0,0,0,4.17,4.39,1820.98,4.39,52871cd8-c451-4417-b658-135e85f7adb5,1
3368,STREAM_LIMIT,PESSIMISTIC,PESSIMISTIC,READ COMMITTED,NORMAL,8,16,1,0,8,0,0,0,0,0,0,4.21,4.35,1814.54,4.41,52871cd8-c451-4417-b658-135e85f7adb5,2
3369,STREAM_LIMIT,PESSIMISTIC,PESSIMISTIC,READ COMMITTED,NORMAL,8,16,1,0,8,0,0,0,0,0,0,4.84,5.03,1555.89,5.14,52871cd8-c451-4417-b658-135e85f7adb5,3
3370,STREAM_LIMIT,PESSIMISTIC,PESSIMISTIC,READ COMMITTED,NORMAL,8,16,1,0,8,0,0,0,0,0,0,3.74,3.91,1994.16,4.01,52871cd8-c451-4417-b658-135e85f7adb5,4
3371,STREAM_LIMIT,PESSIMISTIC,PESSIMISTIC,READ COMMITTED,NORMAL,8,16,1,0,8,0,0,0,0,0,0,4.82,4.97,1587.62,5.04,52871cd8-c451-4417-b658-135e85f7adb5,5
3372,STREAM_LIMIT,PESSIMISTIC,PESSIMISTIC,READ COMMITTED,NORMAL,8,16,1,0,8,0,0,0,0,0,0,3.91,4.04,1945.37,4.11,52871cd8-c451-4417-b658-135e85f7adb5,6
3373,STREAM_LIMIT,PESSIMISTIC,PESSIMISTIC,READ COMMITTED,NORMAL,8,16,1,0,8,0,0,0,0,0,0,4.01,4.29,1826.4,4.38,52871cd8-c451-4417-b658-135e85f7adb5,7
3374,STREAM_LIMIT,PESSIMISTIC,PESSIMISTIC,READ COMMITTED,NORMAL,8,16,1,0,8,0,0,0,0,0,0,4.05,4.34,1786.31,4.48,52871cd8-c451-4417-b658-135e85f7adb5,8
3375,STREAM_LIMIT,PESSIMISTIC,PESSIMISTIC,READ COMMITTED,NORMAL,8,16,1,0,8,0,0,0,0,0,0,4.05,4.14,1898.02,4.21,52871cd8-c451-4417-b658-135e85f7adb5,9
3376,STREAM_LIMIT,PESSIMISTIC,PESSIMISTIC,READ COMMITTED,NORMAL,8,16,1,0,8,0,0,0,0,0,0,4.05,4.26,1779.69,4.5,52871cd8-c451-4417-b658-135e85f7adb5,10
3377,STREAM_LIMIT,PESSIMISTIC,PESSIMISTIC,READ COMMITTED,NORMAL,8,16,1,20,8,0,0,0,0,0,0,26.88,27.12,294.42,27.17,52871cd8-c451-4417-b658-135e85f7adb5,1
3378,STREAM_LIMIT,PESSIMISTIC,PESSIMISTIC,READ COMMITTED,NORMAL,8,16,1,20,8,0,0,0,0,0,0,27.01,27.35,292.31,27.37,52871cd8-c451-4417-b658-135e85f7adb5,2
3379,STREAM_LIMIT,PESSIMISTIC,PESSIMISTIC,READ COMMITTED,NORMAL,8,16,1,20,8,0,0,0,0,0,0,24.2,24.33,328.25,24.37,52871cd8-c451-4417-b658-135e85f7adb5,3
3380,STREAM_LIMIT,PESSIMISTIC,PESSIMISTIC,READ COMMITTED,NORMAL,8,16,1,20,8,0,0,0,0,0,0,24.86,24.93,320.05,25,52871cd8-c451-4417-b658-135e85f7adb5,4
3381,STREAM_LIMIT,PESSIMISTIC,PESSIMISTIC,READ COMMITTED,NORMAL,8,16,1,20,8,0,0,0,0,0,0,25.38,25.57,312.44,25.6,52871cd8-c451-4417-b658-135e85f7adb5,5
3382,STREAM_LIMIT,PESSIMISTIC,PESSIMISTIC,READ COMMITTED,NORMAL,8,16,1,20,8,0,0,0,0,0,0,25.49,25.68,311.51,25.68,52871cd8-c451-4417-b658-135e85f7adb5,6
3383,STREAM_LIMIT,PESSIMISTIC,PESSIMISTIC,READ COMMITTED,NORMAL,8,16,1,20,8,0,0,0,0,0,0,26.72,26.9,296.92,26.94,52871cd8-c451-4417-b658-135e85f7adb5,7
3384,STREAM_LIMIT,PESSIMISTIC,PESSIMISTIC,READ COMMITTED,NORMAL,8,16,1,20,8,0,0,0,0,0,0,26.99,27.14,293.79,27.23,52871cd8-c451-4417-b658-135e85f7adb5,8
3385,STREAM_LIMIT,PESSIMISTIC,PESSIMISTIC,READ COMMITTED,NORMAL,8,16,1,20,8,0,0,0,0,0,0,25.8,26.15,305.14,26.22,52871cd8-c451-4417-b658-135e85f7adb5,9
3386,STREAM_LIMIT,PESSIMISTIC,PESSIMISTIC,READ COMMITTED,NORMAL,8,16,1,20,8,0,0,0,0,0,0,26.53,26.8,297.44,26.9,52871cd8-c451-4417-b658-135e85f7adb5,10
3387,STREAM_LIMIT,PESSIMISTIC,PESSIMISTIC,READ COMMITTED,NORMAL,32,1,1,0,1,31,0,0,0,0,0,19.15,34.27,887.54,36.05,52871cd8-c451-4417-b658-135e85f7adb5,1
3388,STREAM_LIMIT,PESSIMISTIC,PESSIMISTIC,READ COMMITTED,NORMAL,32,1,1,0,1,31,0,0,0,0,0,20.2,36.42,836.63,38.25,52871cd8-c451-4417-b658-135e85f7adb5,2
3389,STREAM_LIMIT,PESSIMISTIC,PESSIMISTIC,READ COMMITTED,NORMAL,32,1,1,0,1,31,0,0,0,0,0,22.06,40.82,749.7,42.68,52871cd8-c451-4417-b658-135e85f7adb5,3
3390,STREAM_LIMIT,PESSIMISTIC,PESSIMISTIC,READ COMMITTED,NORMAL,32,1,1,0,1,31,0,0,0,0,0,20.3,36.78,835.5,38.3,52871cd8-c451-4417-b658-135e85f7adb5,4
3391,STREAM_LIMIT,PESSIMISTIC,PESSIMISTIC,READ COMMITTED,NORMAL,32,1,1,0,1,31,0,0,0,0,0,20.01,35.95,843.73,37.93,52871cd8-c451-4417-b658-135e85f7adb5,5
3392,STREAM_LIMIT,PESSIMISTIC,PESSIMISTIC,READ COMMITTED,NORMAL,32,1,1,0,1,31,0,0,0,0,0,19.5,35.23,862.85,37.09,52871cd8-c451-4417-b658-135e85f7adb5,6
3393,STREAM_LIMIT,PESSIMISTIC,PESSIMISTIC,READ COMMITTED,NORMAL,32,1,1,0,1,31,0,0,0,0,0,21.51,37.09,822.04,38.93,52871cd8-c451-4417-b658-135e85f7adb5,7
3394,STREAM_LIMIT,PESSIMISTIC,PESSIMISTIC,READ COMMITTED,NORMAL,32,1,1,0,1,31,0,0,0,0,0,19.26,35.41,857.17,37.33,52871cd8-c451-4417-b658-135e85f7adb5,8
3395,STREAM_LIMIT,PESSIMISTIC,PESSIMISTIC,READ COMMITTED,NORMAL,32,1,1,0,1,31,0,0,0,0,0,19.39,35.09,864.35,37.02,52871cd8-c451-4417-b658-135e85f7adb5,9
3396,STREAM_LIMIT,PESSIMISTIC,PESSIMISTIC,READ COMMITTED,NORMAL,32,1,1,0,1,31,0,0,0,0,0,20.36,35.81,850.68,37.62,52871cd8-c451-4417-b658-135e85f7adb5,10
3397,STREAM_LIMIT,PESSIMISTIC,PESSIMISTIC,READ COMMITTED,NORMAL,32,1,1,20,1,31,0,0,0,0,0,41.46,57.83,534.58,59.86,52871cd8-c451-4417-b658-135e85f7adb5,1
3398,STREAM_LIMIT,PESSIMISTIC,PESSIMISTIC,READ COMMITTED,NORMAL,32,1,1,20,1,31,0,0,0,0,0,44.47,61.83,499.48,64.07,52871cd8-c451-4417-b658-135e85f7adb5,2
3399,STREAM_LIMIT,PESSIMISTIC,PESSIMISTIC,READ COMMITTED,NORMAL,32,1,1,20,1,31,0,0,0,0,0,44.29,62.4,492.91,64.92,52871cd8-c451-4417-b658-135e85f7adb5,3
3400,STREAM_LIMIT,PESSIMISTIC,PESSIMISTIC,READ COMMITTED,NORMAL,32,1,1,20,1,31,0,0,0,0,0,44.1,60.55,510.5,62.68,52871cd8-c451-4417-b658-135e85f7adb5,4
3401,STREAM_LIMIT,PESSIMISTIC,PESSIMISTIC,READ COMMITTED,NORMAL,32,1,1,20,1,31,0,0,0,0,0,45.44,66.55,465.31,68.77,52871cd8-c451-4417-b658-135e85f7adb5,5
3402,STREAM_LIMIT,PESSIMISTIC,PESSIMISTIC,READ COMMITTED,NORMAL,32,1,1,20,1,31,0,0,0,0,0,46.3,65.02,475.84,67.25,52871cd8-c451-4417-b658-135e85f7adb5,6
3403,STREAM_LIMIT,PESSIMISTIC,PESSIMISTIC,READ COMMITTED,NORMAL,32,1,1,20,1,31,0,0,0,0,0,44.33,62.25,494.81,64.67,52871cd8-c451-4417-b658-135e85f7adb5,7
3404,STREAM_LIMIT,PESSIMISTIC,PESSIMISTIC,READ COMMITTED,NORMAL,32,1,1,20,1,31,0,0,0,0,0,45.22,63.69,482.76,66.29,52871cd8-c451-4417-b658-135e85f7adb5,8
3405,STREAM_LIMIT,PESSIMISTIC,PESSIMISTIC,READ COMMITTED,NORMAL,32,1,1,20,1,31,0,0,0,0,0,44.4,61.74,500.67,63.91,52871cd8-c451-4417-b658-135e85f7adb5,9
3406,STREAM_LIMIT,PESSIMISTIC,PESSIMISTIC,READ COMMITTED,NORMAL,32,1,1,20,1,31,0,0,0,0,0,44.87,62.49,493.69,64.82,52871cd8-c451-4417-b658-135e85f7adb5,10
3407,STREAM_LIMIT,PESSIMISTIC,PESSIMISTIC,READ COMMITTED,NORMAL,32,16,1,0,16,16,0,0,0,0,0,10.12,11.99,2441.75,13.11,52871cd8-c451-4417-b658-135e85f7adb5,1
3408,STREAM_LIMIT,PESSIMISTIC,PESSIMISTIC,READ COMMITTED,NORMAL,32,16,1,0,16,16,0,0,0,0,0,10.3,12.87,2340.69,13.67,52871cd8-c451-4417-b658-135e85f7adb5,2
3409,STREAM_LIMIT,PESSIMISTIC,PESSIMISTIC,READ COMMITTED,NORMAL,32,16,1,0,16,16,0,0,0,0,0,9.11,10.61,2814.93,11.37,52871cd8-c451-4417-b658-135e85f7adb5,3
3410,STREAM_LIMIT,PESSIMISTIC,PESSIMISTIC,READ COMMITTED,NORMAL,32,16,1,0,16,16,0,0,0,0,0,7.91,10.49,2996.57,10.68,52871cd8-c451-4417-b658-135e85f7adb5,4
3411,STREAM_LIMIT,PESSIMISTIC,PESSIMISTIC,READ COMMITTED,NORMAL,32,16,1,0,16,16,0,0,0,0,0,7.37,10,3135.05,10.21,52871cd8-c451-4417-b658-135e85f7adb5,5
3412,STREAM_LIMIT,PESSIMISTIC,PESSIMISTIC,READ COMMITTED,NORMAL,32,16,1,0,16,16,0,0,0,0,0,8.11,10.19,3078.49,10.39,52871cd8-c451-4417-b658-135e85f7adb5,6
3413,STREAM_LIMIT,PESSIMISTIC,PESSIMISTIC,READ COMMITTED,NORMAL,32,16,1,0,16,16,0,0,0,0,0,6.53,9.23,3408.06,9.39,52871cd8-c451-4417-b658-135e85f7adb5,7
3414,STREAM_LIMIT,PESSIMISTIC,PESSIMISTIC,READ COMMITTED,NORMAL,32,16,1,0,16,16,0,0,0,0,0,10.92,13.84,2292.78,13.96,52871cd8-c451-4417-b658-135e85f7adb5,8
3415,STREAM_LIMIT,PESSIMISTIC,PESSIMISTIC,READ COMMITTED,NORMAL,32,16,1,0,16,16,0,0,0,0,0,8.08,10.26,3050,10.49,52871cd8-c451-4417-b658-135e85f7adb5,9
3416,STREAM_LIMIT,PESSIMISTIC,PESSIMISTIC,READ COMMITTED,NORMAL,32,16,1,0,16,16,0,0,0,0,0,6.79,9.36,3306.11,9.68,52871cd8-c451-4417-b658-135e85f7adb5,10
3417,STREAM_LIMIT,PESSIMISTIC,PESSIMISTIC,READ COMMITTED,NORMAL,32,16,1,20,16,16,0,0,0,0,0,28.92,30.76,1036.9,30.86,52871cd8-c451-4417-b658-135e85f7adb5,1
3418,STREAM_LIMIT,PESSIMISTIC,PESSIMISTIC,READ COMMITTED,NORMAL,32,16,1,20,16,16,0,0,0,0,0,30.1,32.39,983.19,32.55,52871cd8-c451-4417-b658-135e85f7adb5,2
3419,STREAM_LIMIT,PESSIMISTIC,PESSIMISTIC,READ COMMITTED,NORMAL,32,16,1,20,16,16,0,0,0,0,0,28.55,29.54,1068.28,29.95,52871cd8-c451-4417-b658-135e85f7adb5,3
3420,STREAM_LIMIT,PESSIMISTIC,PESSIMISTIC,READ COMMITTED,NORMAL,32,16,1,20,16,16,0,0,0,0,0,28.19,31.4,1011.17,31.65,52871cd8-c451-4417-b658-135e85f7adb5,4
3421,STREAM_LIMIT,PESSIMISTIC,PESSIMISTIC,READ COMMITTED,NORMAL,32,16,1,20,16,16,0,0,0,0,0,28.99,31.26,1017.97,31.44,52871cd8-c451-4417-b658-135e85f7adb5,5
3422,STREAM_LIMIT,PESSIMISTIC,PESSIMISTIC,READ COMMITTED,NORMAL,32,16,1,20,16,16,0,0,0,0,0,28.35,30.64,1036.28,30.88,52871cd8-c451-4417-b658-135e85f7adb5,6
3423,STREAM_LIMIT,PESSIMISTIC,PESSIMISTIC,READ COMMITTED,NORMAL,32,16,1,20,16,16,0,0,0,0,0,31.23,33.54,950.11,33.68,52871cd8-c451-4417-b658-135e85f7adb5,7
3424,STREAM_LIMIT,PESSIMISTIC,PESSIMISTIC,READ COMMITTED,NORMAL,32,16,1,20,16,16,0,0,0,0,0,31.67,33.78,932.9,34.3,52871cd8-c451-4417-b658-135e85f7adb5,8
3425,STREAM_LIMIT,PESSIMISTIC,PESSIMISTIC,READ COMMITTED,NORMAL,32,16,1,20,16,16,0,0,0,0,0,32.34,34.92,899.65,35.57,52871cd8-c451-4417-b658-135e85f7adb5,9
3426,STREAM_LIMIT,PESSIMISTIC,PESSIMISTIC,READ COMMITTED,NORMAL,32,16,1,20,16,16,0,0,0,0,0,30.83,32.87,952.74,33.59,52871cd8-c451-4417-b658-135e85f7adb5,10
3427,STREAM_LIMIT,PESSIMISTIC,PESSIMISTIC,READ COMMITTED,NORMAL,64,1,1,0,1,63,0,0,0,0,0,38.15,67.04,886.59,72.19,52871cd8-c451-4417-b658-135e85f7adb5,1
3428,STREAM_LIMIT,PESSIMISTIC,PESSIMISTIC,READ COMMITTED,NORMAL,64,1,1,0,1,63,0,0,0,0,0,40.57,73.85,811.36,78.88,52871cd8-c451-4417-b658-135e85f7adb5,2
3429,STREAM_LIMIT,PESSIMISTIC,PESSIMISTIC,READ COMMITTED,NORMAL,64,1,1,0,1,63,0,0,0,0,0,39.2,120.31,496.4,128.93,52871cd8-c451-4417-b658-135e85f7adb5,3
3430,STREAM_LIMIT,PESSIMISTIC,PESSIMISTIC,READ COMMITTED,NORMAL,64,1,1,0,1,63,0,0,0,0,0,146.04,268.03,228.63,279.92,52871cd8-c451-4417-b658-135e85f7adb5,4
3431,STREAM_LIMIT,PESSIMISTIC,PESSIMISTIC,READ COMMITTED,NORMAL,64,1,1,0,1,63,0,0,0,0,0,103.61,137.1,449.4,142.41,52871cd8-c451-4417-b658-135e85f7adb5,5
3432,STREAM_LIMIT,PESSIMISTIC,PESSIMISTIC,READ COMMITTED,NORMAL,64,1,1,0,1,63,0,0,0,0,0,45.28,79.69,732.8,87.34,52871cd8-c451-4417-b658-135e85f7adb5,6
3433,STREAM_LIMIT,PESSIMISTIC,PESSIMISTIC,READ COMMITTED,NORMAL,64,1,1,0,1,63,0,0,0,0,0,43.59,77.04,780.2,82.03,52871cd8-c451-4417-b658-135e85f7adb5,7
3434,STREAM_LIMIT,PESSIMISTIC,PESSIMISTIC,READ COMMITTED,NORMAL,64,1,1,0,1,63,0,0,0,0,0,45.37,78.76,760.39,84.17,52871cd8-c451-4417-b658-135e85f7adb5,8
3435,STREAM_LIMIT,PESSIMISTIC,PESSIMISTIC,READ COMMITTED,NORMAL,64,1,1,0,1,63,0,0,0,0,0,45.16,81.62,738.02,86.72,52871cd8-c451-4417-b658-135e85f7adb5,9
3436,STREAM_LIMIT,PESSIMISTIC,PESSIMISTIC,READ COMMITTED,NORMAL,64,1,1,0,1,63,0,0,0,0,0,44.88,80.97,746.38,85.75,52871cd8-c451-4417-b658-135e85f7adb5,10
3437,STREAM_LIMIT,PESSIMISTIC,PESSIMISTIC,READ COMMITTED,NORMAL,64,1,1,20,1,63,0,0,0,0,0,68.67,100.43,607.94,105.27,52871cd8-c451-4417-b658-135e85f7adb5,1
3438,STREAM_LIMIT,PESSIMISTIC,PESSIMISTIC,READ COMMITTED,NORMAL,64,1,1,20,1,63,0,0,0,0,0,65.82,97.15,627.28,102.03,52871cd8-c451-4417-b658-135e85f7adb5,2
3439,STREAM_LIMIT,PESSIMISTIC,PESSIMISTIC,READ COMMITTED,NORMAL,64,1,1,20,1,63,0,0,0,0,0,65.3,96.14,630.55,101.5,52871cd8-c451-4417-b658-135e85f7adb5,3
3440,STREAM_LIMIT,PESSIMISTIC,PESSIMISTIC,READ COMMITTED,NORMAL,64,1,1,20,1,63,0,0,0,0,0,64.58,95.09,638.77,100.19,52871cd8-c451-4417-b658-135e85f7adb5,4
3441,STREAM_LIMIT,PESSIMISTIC,PESSIMISTIC,READ COMMITTED,NORMAL,64,1,1,20,1,63,0,0,0,0,0,62.54,93.32,650.08,98.45,52871cd8-c451-4417-b658-135e85f7adb5,5
3442,STREAM_LIMIT,PESSIMISTIC,PESSIMISTIC,READ COMMITTED,NORMAL,64,1,1,20,1,63,0,0,0,0,0,63.78,94.79,641.3,99.8,52871cd8-c451-4417-b658-135e85f7adb5,6
3443,STREAM_LIMIT,PESSIMISTIC,PESSIMISTIC,READ COMMITTED,NORMAL,64,1,1,20,1,63,0,0,0,0,0,64.42,95.59,638.96,100.16,52871cd8-c451-4417-b658-135e85f7adb5,7
3444,STREAM_LIMIT,PESSIMISTIC,PESSIMISTIC,READ COMMITTED,NORMAL,64,1,1,20,1,63,0,0,0,0,0,62.83,93.04,652.63,98.06,52871cd8-c451-4417-b658-135e85f7adb5,8
3445,STREAM_LIMIT,PESSIMISTIC,PESSIMISTIC,READ COMMITTED,NORMAL,64,1,1,20,1,63,0,0,0,0,0,66.56,97.49,623.58,102.63,52871cd8-c451-4417-b658-135e85f7adb5,9
3446,STREAM_LIMIT,PESSIMISTIC,PESSIMISTIC,READ COMMITTED,NORMAL,64,1,1,20,1,63,0,0,0,0,0,69.61,106.96,564.27,113.42,52871cd8-c451-4417-b658-135e85f7adb5,10
3447,STREAM_LIMIT,PESSIMISTIC,PESSIMISTIC,READ COMMITTED,NORMAL,64,16,1,0,16,48,0,0,0,0,0,17.02,22.32,2618.15,24.44,52871cd8-c451-4417-b658-135e85f7adb5,1
3448,STREAM_LIMIT,PESSIMISTIC,PESSIMISTIC,READ COMMITTED,NORMAL,64,16,1,0,16,48,0,0,0,0,0,12.08,17.9,3454.6,18.53,52871cd8-c451-4417-b658-135e85f7adb5,2
3449,STREAM_LIMIT,PESSIMISTIC,PESSIMISTIC,READ COMMITTED,NORMAL,64,16,1,0,16,48,0,0,0,0,0,14.21,22.99,2635.35,24.29,52871cd8-c451-4417-b658-135e85f7adb5,3
3450,STREAM_LIMIT,PESSIMISTIC,PESSIMISTIC,READ COMMITTED,NORMAL,64,16,1,0,16,48,0,0,0,0,0,17.71,26.02,2400.44,26.66,52871cd8-c451-4417-b658-135e85f7adb5,4
3451,STREAM_LIMIT,PESSIMISTIC,PESSIMISTIC,READ COMMITTED,NORMAL,64,16,1,0,16,48,0,0,0,0,0,14.16,19.62,3118.43,20.52,52871cd8-c451-4417-b658-135e85f7adb5,5
3452,STREAM_LIMIT,PESSIMISTIC,PESSIMISTIC,READ COMMITTED,NORMAL,64,16,1,0,16,48,0,0,0,0,0,13.07,19.54,3204.64,19.97,52871cd8-c451-4417-b658-135e85f7adb5,6
3453,STREAM_LIMIT,PESSIMISTIC,PESSIMISTIC,READ COMMITTED,NORMAL,64,16,1,0,16,48,0,0,0,0,0,13.69,19.18,3254.47,19.67,52871cd8-c451-4417-b658-135e85f7adb5,7
3454,STREAM_LIMIT,PESSIMISTIC,PESSIMISTIC,READ COMMITTED,NORMAL,64,16,1,0,16,48,0,0,0,0,0,13.09,19.01,3259.46,19.64,52871cd8-c451-4417-b658-135e85f7adb5,8
3455,STREAM_LIMIT,PESSIMISTIC,PESSIMISTIC,READ COMMITTED,NORMAL,64,16,1,0,16,48,0,0,0,0,0,13.32,19.93,3110.86,20.57,52871cd8-c451-4417-b658-135e85f7adb5,9
3456,STREAM_LIMIT,PESSIMISTIC,PESSIMISTIC,READ COMMITTED,NORMAL,64,16,1,0,16,48,0,0,0,0,0,14.4,20.07,3116.5,20.54,52871cd8-c451-4417-b658-135e85f7adb5,10
3457,STREAM_LIMIT,PESSIMISTIC,PESSIMISTIC,READ COMMITTED,NORMAL,64,16,1,20,16,48,0,0,0,0,0,33.54,40.72,1548.22,41.34,52871cd8-c451-4417-b658-135e85f7adb5,1
3458,STREAM_LIMIT,PESSIMISTIC,PESSIMISTIC,READ COMMITTED,NORMAL,64,16,1,20,16,48,0,0,0,0,0,32.69,38.9,1625.13,39.38,52871cd8-c451-4417-b658-135e85f7adb5,2
3459,STREAM_LIMIT,PESSIMISTIC,PESSIMISTIC,READ COMMITTED,NORMAL,64,16,1,20,16,48,0,0,0,0,0,33.15,39.2,1613.03,39.68,52871cd8-c451-4417-b658-135e85f7adb5,3
3460,STREAM_LIMIT,PESSIMISTIC,PESSIMISTIC,READ COMMITTED,NORMAL,64,16,1,20,16,48,0,0,0,0,0,35.22,42.19,1496.95,42.75,52871cd8-c451-4417-b658-135e85f7adb5,4
3461,STREAM_LIMIT,PESSIMISTIC,PESSIMISTIC,READ COMMITTED,NORMAL,64,16,1,20,16,48,0,0,0,0,0,30.88,36.95,1716.17,37.29,52871cd8-c451-4417-b658-135e85f7adb5,5
3462,STREAM_LIMIT,PESSIMISTIC,PESSIMISTIC,READ COMMITTED,NORMAL,64,16,1,20,16,48,0,0,0,0,0,32.43,37.98,1659.04,38.58,52871cd8-c451-4417-b658-135e85f7adb5,6
3463,STREAM_LIMIT,PESSIMISTIC,PESSIMISTIC,READ COMMITTED,NORMAL,64,16,1,20,16,48,0,0,0,0,0,33.46,39.11,1616.42,39.59,52871cd8-c451-4417-b658-135e85f7adb5,7
3464,STREAM_LIMIT,PESSIMISTIC,PESSIMISTIC,READ COMMITTED,NORMAL,64,16,1,20,16,48,0,0,0,0,0,34.86,41.41,1528.09,41.88,52871cd8-c451-4417-b658-135e85f7adb5,8
3465,STREAM_LIMIT,PESSIMISTIC,PESSIMISTIC,READ COMMITTED,NORMAL,64,16,1,20,16,48,0,0,0,0,0,33.59,39.68,1585.1,40.38,52871cd8-c451-4417-b658-135e85f7adb5,9
3466,STREAM_LIMIT,PESSIMISTIC,PESSIMISTIC,READ COMMITTED,NORMAL,64,16,1,20,16,48,0,0,0,0,0,34.01,40.17,1555.85,41.14,52871cd8-c451-4417-b658-135e85f7adb5,10
3467,STREAM_LIMIT,OPTIMISTIC,OPTIMISTIC,READ COMMITTED,NORMAL,2,1,1,0,1,1,1,0,0,0,0,1.97,9.37,213.44,9.37,52871cd8-c451-4417-b658-135e85f7adb5,1
3468,STREAM_LIMIT,OPTIMISTIC,OPTIMISTIC,READ COMMITTED,NORMAL,2,1,1,0,1,1,1,0,0,0,0,1.93,10.23,195.53,10.23,52871cd8-c451-4417-b658-135e85f7adb5,2
3469,STREAM_LIMIT,OPTIMISTIC,OPTIMISTIC,READ COMMITTED,NORMAL,2,1,1,0,1,1,1,0,0,0,0,1.58,6.37,313.15,6.39,52871cd8-c451-4417-b658-135e85f7adb5,3
3470,STREAM_LIMIT,OPTIMISTIC,OPTIMISTIC,READ COMMITTED,NORMAL,2,1,1,0,1,1,1,0,0,0,0,1.6,7.13,280.41,7.13,52871cd8-c451-4417-b658-135e85f7adb5,4
3471,STREAM_LIMIT,OPTIMISTIC,OPTIMISTIC,READ COMMITTED,NORMAL,2,1,1,0,1,1,1,0,0,0,0,1.61,6.72,297.08,6.73,52871cd8-c451-4417-b658-135e85f7adb5,5
3472,STREAM_LIMIT,OPTIMISTIC,OPTIMISTIC,READ COMMITTED,NORMAL,2,1,1,0,1,1,1,0,0,0,0,1.6,8.18,244.12,8.19,52871cd8-c451-4417-b658-135e85f7adb5,6
3473,STREAM_LIMIT,OPTIMISTIC,OPTIMISTIC,READ COMMITTED,NORMAL,2,1,1,0,1,1,1,0,0,0,0,1.63,8.83,226.22,8.84,52871cd8-c451-4417-b658-135e85f7adb5,7
3474,STREAM_LIMIT,OPTIMISTIC,OPTIMISTIC,READ COMMITTED,NORMAL,2,1,1,0,1,1,1,0,0,0,0,1.86,11.17,178.24,11.22,52871cd8-c451-4417-b658-135e85f7adb5,8
3475,STREAM_LIMIT,OPTIMISTIC,OPTIMISTIC,READ COMMITTED,NORMAL,2,1,1,0,1,1,1,0,0,0,0,1.88,10.52,189.22,10.57,52871cd8-c451-4417-b658-135e85f7adb5,9
3476,STREAM_LIMIT,OPTIMISTIC,OPTIMISTIC,READ COMMITTED,NORMAL,2,1,1,0,1,1,1,0,0,0,0,1.74,10.07,198.43,10.08,52871cd8-c451-4417-b658-135e85f7adb5,10
3477,STREAM_LIMIT,OPTIMISTIC,OPTIMISTIC,READ COMMITTED,NORMAL,2,1,1,20,1,1,1,0,0,0,0,24.24,33.59,59.47,33.63,52871cd8-c451-4417-b658-135e85f7adb5,1
3478,STREAM_LIMIT,OPTIMISTIC,OPTIMISTIC,READ COMMITTED,NORMAL,2,1,1,20,1,1,1,0,0,0,0,22.81,32.36,61.68,32.43,52871cd8-c451-4417-b658-135e85f7adb5,2
3479,STREAM_LIMIT,OPTIMISTIC,OPTIMISTIC,READ COMMITTED,NORMAL,2,1,1,20,1,1,1,0,0,0,0,25.24,32.88,60.81,32.89,52871cd8-c451-4417-b658-135e85f7adb5,3
3480,STREAM_LIMIT,OPTIMISTIC,OPTIMISTIC,READ COMMITTED,NORMAL,2,1,1,20,1,1,1,0,0,0,0,24.48,28.99,68.89,29.03,52871cd8-c451-4417-b658-135e85f7adb5,4
3481,STREAM_LIMIT,OPTIMISTIC,OPTIMISTIC,READ COMMITTED,NORMAL,2,1,1,20,1,1,1,0,0,0,0,24.66,29.59,67.48,29.64,52871cd8-c451-4417-b658-135e85f7adb5,5
3482,STREAM_LIMIT,OPTIMISTIC,OPTIMISTIC,READ COMMITTED,NORMAL,2,1,1,20,1,1,1,0,0,0,0,24.58,32.99,60.51,33.05,52871cd8-c451-4417-b658-135e85f7adb5,6
3483,STREAM_LIMIT,OPTIMISTIC,OPTIMISTIC,READ COMMITTED,NORMAL,2,1,1,20,1,1,1,0,0,0,0,24.32,31.74,62.88,31.81,52871cd8-c451-4417-b658-135e85f7adb5,7
3484,STREAM_LIMIT,OPTIMISTIC,OPTIMISTIC,READ COMMITTED,NORMAL,2,1,1,20,1,1,1,0,0,0,0,25.41,32.3,61.8,32.36,52871cd8-c451-4417-b658-135e85f7adb5,8
3485,STREAM_LIMIT,OPTIMISTIC,OPTIMISTIC,READ COMMITTED,NORMAL,2,1,1,20,1,1,1,0,0,0,0,25.12,36.93,54.05,37,52871cd8-c451-4417-b658-135e85f7adb5,9
3486,STREAM_LIMIT,OPTIMISTIC,OPTIMISTIC,READ COMMITTED,NORMAL,2,1,1,20,1,1,1,0,0,0,0,25.95,35.52,56.19,35.6,52871cd8-c451-4417-b658-135e85f7adb5,10
3487,STREAM_LIMIT,OPTIMISTIC,OPTIMISTIC,READ COMMITTED,NORMAL,2,16,1,0,2,0,0,0,0,0,0,3.18,3.64,549.24,3.64,52871cd8-c451-4417-b658-135e85f7adb5,1
3488,STREAM_LIMIT,OPTIMISTIC,OPTIMISTIC,READ COMMITTED,NORMAL,2,16,1,0,2,0,0,0,0,0,0,3.05,3.07,635.07,3.15,52871cd8-c451-4417-b658-135e85f7adb5,2
3489,STREAM_LIMIT,OPTIMISTIC,OPTIMISTIC,READ COMMITTED,NORMAL,2,16,1,0,2,0,0,0,0,0,0,3.07,3.39,584.21,3.42,52871cd8-c451-4417-b658-135e85f7adb5,3
3490,STREAM_LIMIT,OPTIMISTIC,OPTIMISTIC,READ COMMITTED,NORMAL,2,16,1,0,2,0,0,0,0,0,0,2.07,2.27,866.13,2.31,52871cd8-c451-4417-b658-135e85f7adb5,4
3491,STREAM_LIMIT,OPTIMISTIC,OPTIMISTIC,READ COMMITTED,NORMAL,2,16,1,0,2,0,0,0,0,0,0,2.97,3.26,607.43,3.29,52871cd8-c451-4417-b658-135e85f7adb5,5
3492,STREAM_LIMIT,OPTIMISTIC,OPTIMISTIC,READ COMMITTED,NORMAL,2,16,1,0,2,0,0,0,0,0,0,2.07,2.34,843.3,2.37,52871cd8-c451-4417-b658-135e85f7adb5,6
3493,STREAM_LIMIT,OPTIMISTIC,OPTIMISTIC,READ COMMITTED,NORMAL,2,16,1,0,2,0,0,0,0,0,0,1.97,2.11,929.01,2.15,52871cd8-c451-4417-b658-135e85f7adb5,7
3494,STREAM_LIMIT,OPTIMISTIC,OPTIMISTIC,READ COMMITTED,NORMAL,2,16,1,0,2,0,0,0,0,0,0,1.74,2.1,939.35,2.13,52871cd8-c451-4417-b658-135e85f7adb5,8
3495,STREAM_LIMIT,OPTIMISTIC,OPTIMISTIC,READ COMMITTED,NORMAL,2,16,1,0,2,0,0,0,0,0,0,1.67,1.95,1010.44,1.98,52871cd8-c451-4417-b658-135e85f7adb5,9
3496,STREAM_LIMIT,OPTIMISTIC,OPTIMISTIC,READ COMMITTED,NORMAL,2,16,1,0,2,0,0,0,0,0,0,2.01,2.15,910.14,2.2,52871cd8-c451-4417-b658-135e85f7adb5,10
3497,STREAM_LIMIT,OPTIMISTIC,OPTIMISTIC,READ COMMITTED,NORMAL,2,16,1,20,2,0,0,0,0,0,0,24.07,24.29,82.23,24.32,52871cd8-c451-4417-b658-135e85f7adb5,1
3498,STREAM_LIMIT,OPTIMISTIC,OPTIMISTIC,READ COMMITTED,NORMAL,2,16,1,20,2,0,0,0,0,0,0,24.74,25,79.81,25.06,52871cd8-c451-4417-b658-135e85f7adb5,2
3499,STREAM_LIMIT,OPTIMISTIC,OPTIMISTIC,READ COMMITTED,NORMAL,2,16,1,20,2,0,0,0,0,0,0,25.67,25.98,76.85,26.02,52871cd8-c451-4417-b658-135e85f7adb5,3
3500,STREAM_LIMIT,OPTIMISTIC,OPTIMISTIC,READ COMMITTED,NORMAL,2,16,1,20,2,0,0,0,0,0,0,25.66,25.81,77.35,25.86,52871cd8-c451-4417-b658-135e85f7adb5,4
3501,STREAM_LIMIT,OPTIMISTIC,OPTIMISTIC,READ COMMITTED,NORMAL,2,16,1,20,2,0,0,0,0,0,0,25.24,25.58,77.97,25.65,52871cd8-c451-4417-b658-135e85f7adb5,5
3502,STREAM_LIMIT,OPTIMISTIC,OPTIMISTIC,READ COMMITTED,NORMAL,2,16,1,20,2,0,0,0,0,0,0,25.12,25.51,78.19,25.58,52871cd8-c451-4417-b658-135e85f7adb5,6
3503,STREAM_LIMIT,OPTIMISTIC,OPTIMISTIC,READ COMMITTED,NORMAL,2,16,1,20,2,0,0,0,0,0,0,25.23,25.56,78.04,25.63,52871cd8-c451-4417-b658-135e85f7adb5,7
3504,STREAM_LIMIT,OPTIMISTIC,OPTIMISTIC,READ COMMITTED,NORMAL,2,16,1,20,2,0,0,0,0,0,0,25.27,25.53,78.18,25.58,52871cd8-c451-4417-b658-135e85f7adb5,8
3505,STREAM_LIMIT,OPTIMISTIC,OPTIMISTIC,READ COMMITTED,NORMAL,2,16,1,20,2,0,0,0,0,0,0,26.03,26.09,76.48,26.15,52871cd8-c451-4417-b658-135e85f7adb5,9
3506,STREAM_LIMIT,OPTIMISTIC,OPTIMISTIC,READ COMMITTED,NORMAL,2,16,1,20,2,0,0,0,0,0,0,26.24,26.24,76.02,26.31,52871cd8-c451-4417-b658-135e85f7adb5,10
3507,STREAM_LIMIT,OPTIMISTIC,OPTIMISTIC,READ COMMITTED,NORMAL,8,1,1,0,1,7,7,0,0,0,0,10.72,14.73,531.99,15.04,52871cd8-c451-4417-b658-135e85f7adb5,1
3508,STREAM_LIMIT,OPTIMISTIC,OPTIMISTIC,READ COMMITTED,NORMAL,8,1,1,0,1,7,7,0,0,0,0,10.37,12.58,624.78,12.8,52871cd8-c451-4417-b658-135e85f7adb5,2
3509,STREAM_LIMIT,OPTIMISTIC,OPTIMISTIC,READ COMMITTED,NORMAL,8,1,1,0,1,7,7,0,0,0,0,10.26,11.71,674.59,11.86,52871cd8-c451-4417-b658-135e85f7adb5,3
3510,STREAM_LIMIT,OPTIMISTIC,OPTIMISTIC,READ COMMITTED,NORMAL,8,1,1,0,1,7,7,0,0,0,0,10.18,12.16,654.34,12.23,52871cd8-c451-4417-b658-135e85f7adb5,4
3511,STREAM_LIMIT,OPTIMISTIC,OPTIMISTIC,READ COMMITTED,NORMAL,8,1,1,0,1,7,7,0,0,0,0,8.47,10.22,768.71,10.41,52871cd8-c451-4417-b658-135e85f7adb5,5
3512,STREAM_LIMIT,OPTIMISTIC,OPTIMISTIC,READ COMMITTED,NORMAL,8,1,1,0,1,7,7,0,0,0,0,7.23,12.67,628.09,12.74,52871cd8-c451-4417-b658-135e85f7adb5,6
3513,STREAM_LIMIT,OPTIMISTIC,OPTIMISTIC,READ COMMITTED,NORMAL,8,1,1,0,1,7,7,0,0,0,0,8.47,11.56,685.14,11.68,52871cd8-c451-4417-b658-135e85f7adb5,7
3514,STREAM_LIMIT,OPTIMISTIC,OPTIMISTIC,READ COMMITTED,NORMAL,8,1,1,0,1,7,7,0,0,0,0,8.21,10.61,741.4,10.79,52871cd8-c451-4417-b658-135e85f7adb5,8
3515,STREAM_LIMIT,OPTIMISTIC,OPTIMISTIC,READ COMMITTED,NORMAL,8,1,1,0,1,7,7,0,0,0,0,8.92,10.35,761.63,10.5,52871cd8-c451-4417-b658-135e85f7adb5,9
3516,STREAM_LIMIT,OPTIMISTIC,OPTIMISTIC,READ COMMITTED,NORMAL,8,1,1,0,1,7,7,0,0,0,0,7.45,8.93,881.7,9.07,52871cd8-c451-4417-b658-135e85f7adb5,10
3517,STREAM_LIMIT,OPTIMISTIC,OPTIMISTIC,READ COMMITTED,NORMAL,8,1,1,20,1,7,7,0,0,0,0,30.88,32.66,244.48,32.72,52871cd8-c451-4417-b658-135e85f7adb5,1
3518,STREAM_LIMIT,OPTIMISTIC,OPTIMISTIC,READ COMMITTED,NORMAL,8,1,1,20,1,7,7,0,0,0,0,30.36,34.02,233.82,34.22,52871cd8-c451-4417-b658-135e85f7adb5,2
3519,STREAM_LIMIT,OPTIMISTIC,OPTIMISTIC,READ COMMITTED,NORMAL,8,1,1,20,1,7,7,0,0,0,0,30.29,34.6,230.18,34.76,52871cd8-c451-4417-b658-135e85f7adb5,3
3520,STREAM_LIMIT,OPTIMISTIC,OPTIMISTIC,READ COMMITTED,NORMAL,8,1,1,20,1,7,7,0,0,0,0,29.16,32.88,242.08,33.05,52871cd8-c451-4417-b658-135e85f7adb5,4
3521,STREAM_LIMIT,OPTIMISTIC,OPTIMISTIC,READ COMMITTED,NORMAL,8,1,1,20,1,7,7,0,0,0,0,33.71,34.66,229.77,34.82,52871cd8-c451-4417-b658-135e85f7adb5,5
3522,STREAM_LIMIT,OPTIMISTIC,OPTIMISTIC,READ COMMITTED,NORMAL,8,1,1,20,1,7,7,0,0,0,0,32.02,33.76,235.8,33.93,52871cd8-c451-4417-b658-135e85f7adb5,6
3523,STREAM_LIMIT,OPTIMISTIC,OPTIMISTIC,READ COMMITTED,NORMAL,8,1,1,20,1,7,7,0,0,0,0,28.69,30.43,261.58,30.58,52871cd8-c451-4417-b658-135e85f7adb5,7
3524,STREAM_LIMIT,OPTIMISTIC,OPTIMISTIC,READ COMMITTED,NORMAL,8,1,1,20,1,7,7,0,0,0,0,32.31,33.04,241.15,33.17,52871cd8-c451-4417-b658-135e85f7adb5,8
3525,STREAM_LIMIT,OPTIMISTIC,OPTIMISTIC,READ COMMITTED,NORMAL,8,1,1,20,1,7,7,0,0,0,0,31.77,33.62,236.71,33.8,52871cd8-c451-4417-b658-135e85f7adb5,9
3526,STREAM_LIMIT,OPTIMISTIC,OPTIMISTIC,READ COMMITTED,NORMAL,8,1,1,20,1,7,7,0,0,0,0,31.3,33.34,238.74,33.51,52871cd8-c451-4417-b658-135e85f7adb5,10
3527,STREAM_LIMIT,OPTIMISTIC,OPTIMISTIC,READ COMMITTED,NORMAL,8,16,1,0,8,0,0,0,0,0,0,3.72,3.84,2055.06,3.89,52871cd8-c451-4417-b658-135e85f7adb5,1
3528,STREAM_LIMIT,OPTIMISTIC,OPTIMISTIC,READ COMMITTED,NORMAL,8,16,1,0,8,0,0,0,0,0,0,3.87,4.08,1959.04,4.08,52871cd8-c451-4417-b658-135e85f7adb5,2
3529,STREAM_LIMIT,OPTIMISTIC,OPTIMISTIC,READ COMMITTED,NORMAL,8,16,1,0,8,0,0,0,0,0,0,3.48,3.87,2023.16,3.95,52871cd8-c451-4417-b658-135e85f7adb5,3
3530,STREAM_LIMIT,OPTIMISTIC,OPTIMISTIC,READ COMMITTED,NORMAL,8,16,1,0,8,0,0,0,0,0,0,3.72,3.85,2050.19,3.9,52871cd8-c451-4417-b658-135e85f7adb5,4
3531,STREAM_LIMIT,OPTIMISTIC,OPTIMISTIC,READ COMMITTED,NORMAL,8,16,1,0,8,0,0,0,0,0,0,3.34,3.53,2213.41,3.61,52871cd8-c451-4417-b658-135e85f7adb5,5
3532,STREAM_LIMIT,OPTIMISTIC,OPTIMISTIC,READ COMMITTED,NORMAL,8,16,1,0,8,0,0,0,0,0,0,3.52,3.68,2170.15,3.69,52871cd8-c451-4417-b658-135e85f7adb5,6
3533,STREAM_LIMIT,OPTIMISTIC,OPTIMISTIC,READ COMMITTED,NORMAL,8,16,1,0,8,0,0,0,0,0,0,4.23,4.9,1583.44,5.05,52871cd8-c451-4417-b658-135e85f7adb5,7
3534,STREAM_LIMIT,OPTIMISTIC,OPTIMISTIC,READ COMMITTED,NORMAL,8,16,1,0,8,0,0,0,0,0,0,4.11,4.2,1863.46,4.29,52871cd8-c451-4417-b658-135e85f7adb5,8
3535,STREAM_LIMIT,OPTIMISTIC,OPTIMISTIC,READ COMMITTED,NORMAL,8,16,1,0,8,0,0,0,0,0,0,4.52,4.68,1689.1,4.74,52871cd8-c451-4417-b658-135e85f7adb5,9
3536,STREAM_LIMIT,OPTIMISTIC,OPTIMISTIC,READ COMMITTED,NORMAL,8,16,1,0,8,0,0,0,0,0,0,4.93,5.44,1458.24,5.49,52871cd8-c451-4417-b658-135e85f7adb5,10
3537,STREAM_LIMIT,OPTIMISTIC,OPTIMISTIC,READ COMMITTED,NORMAL,8,16,1,20,8,0,0,0,0,0,0,26.3,26.57,298.98,26.76,52871cd8-c451-4417-b658-135e85f7adb5,1
3538,STREAM_LIMIT,OPTIMISTIC,OPTIMISTIC,READ COMMITTED,NORMAL,8,16,1,20,8,0,0,0,0,0,0,23.81,24.04,332.11,24.09,52871cd8-c451-4417-b658-135e85f7adb5,2
3539,STREAM_LIMIT,OPTIMISTIC,OPTIMISTIC,READ COMMITTED,NORMAL,8,16,1,20,8,0,0,0,0,0,0,26.12,26.32,302.74,26.43,52871cd8-c451-4417-b658-135e85f7adb5,3
3540,STREAM_LIMIT,OPTIMISTIC,OPTIMISTIC,READ COMMITTED,NORMAL,8,16,1,20,8,0,0,0,0,0,0,26.63,26.83,297.92,26.85,52871cd8-c451-4417-b658-135e85f7adb5,4
3541,STREAM_LIMIT,OPTIMISTIC,OPTIMISTIC,READ COMMITTED,NORMAL,8,16,1,20,8,0,0,0,0,0,0,25.17,25.38,314.6,25.43,52871cd8-c451-4417-b658-135e85f7adb5,5
3542,STREAM_LIMIT,OPTIMISTIC,OPTIMISTIC,READ COMMITTED,NORMAL,8,16,1,20,8,0,0,0,0,0,0,26.55,26.87,295.67,27.06,52871cd8-c451-4417-b658-135e85f7adb5,6
3543,STREAM_LIMIT,OPTIMISTIC,OPTIMISTIC,READ COMMITTED,NORMAL,8,16,1,20,8,0,0,0,0,0,0,25.44,25.67,309.56,25.84,52871cd8-c451-4417-b658-135e85f7adb5,7
3544,STREAM_LIMIT,OPTIMISTIC,OPTIMISTIC,READ COMMITTED,NORMAL,8,16,1,20,8,0,0,0,0,0,0,26.33,26.53,301.32,26.55,52871cd8-c451-4417-b658-135e85f7adb5,8
3545,STREAM_LIMIT,OPTIMISTIC,OPTIMISTIC,READ COMMITTED,NORMAL,8,16,1,20,8,0,0,0,0,0,0,27.06,27.19,293.71,27.24,52871cd8-c451-4417-b658-135e85f7adb5,9
3546,STREAM_LIMIT,OPTIMISTIC,OPTIMISTIC,READ COMMITTED,NORMAL,8,16,1,20,8,0,0,0,0,0,0,26.16,26.31,302.46,26.45,52871cd8-c451-4417-b658-135e85f7adb5,10
3547,STREAM_LIMIT,OPTIMISTIC,OPTIMISTIC,READ COMMITTED,NORMAL,32,1,1,0,1,31,31,0,0,0,0,17.98,21.09,1480.75,21.61,52871cd8-c451-4417-b658-135e85f7adb5,1
3548,STREAM_LIMIT,OPTIMISTIC,OPTIMISTIC,READ COMMITTED,NORMAL,32,1,1,0,1,31,31,0,0,0,0,18.21,18.79,1618.69,19.77,52871cd8-c451-4417-b658-135e85f7adb5,2
3549,STREAM_LIMIT,OPTIMISTIC,OPTIMISTIC,READ COMMITTED,NORMAL,32,1,1,0,1,31,31,0,0,0,0,16.94,17.71,1777.5,18,52871cd8-c451-4417-b658-135e85f7adb5,3
3550,STREAM_LIMIT,OPTIMISTIC,OPTIMISTIC,READ COMMITTED,NORMAL,32,1,1,0,1,31,31,0,0,0,0,17,18.42,1678.23,19.07,52871cd8-c451-4417-b658-135e85f7adb5,4
3551,STREAM_LIMIT,OPTIMISTIC,OPTIMISTIC,READ COMMITTED,NORMAL,32,1,1,0,1,31,31,0,0,0,0,16.53,17.17,1857.98,17.22,52871cd8-c451-4417-b658-135e85f7adb5,5
3552,STREAM_LIMIT,OPTIMISTIC,OPTIMISTIC,READ COMMITTED,NORMAL,32,1,1,0,1,31,31,0,0,0,0,16.86,17.51,1809.46,17.68,52871cd8-c451-4417-b658-135e85f7adb5,6
3553,STREAM_LIMIT,OPTIMISTIC,OPTIMISTIC,READ COMMITTED,NORMAL,32,1,1,0,1,31,31,0,0,0,0,17.35,18.65,1623,19.72,52871cd8-c451-4417-b658-135e85f7adb5,7
3554,STREAM_LIMIT,OPTIMISTIC,OPTIMISTIC,READ COMMITTED,NORMAL,32,1,1,0,1,31,31,0,0,0,0,16.34,17.97,1753.59,18.25,52871cd8-c451-4417-b658-135e85f7adb5,8
3555,STREAM_LIMIT,OPTIMISTIC,OPTIMISTIC,READ COMMITTED,NORMAL,32,1,1,0,1,31,31,0,0,0,0,16.91,18.42,1719.43,18.61,52871cd8-c451-4417-b658-135e85f7adb5,9
3556,STREAM_LIMIT,OPTIMISTIC,OPTIMISTIC,READ COMMITTED,NORMAL,32,1,1,0,1,31,31,0,0,0,0,16.51,17.26,1730.92,18.49,52871cd8-c451-4417-b658-135e85f7adb5,10
3557,STREAM_LIMIT,OPTIMISTIC,OPTIMISTIC,READ COMMITTED,NORMAL,32,1,1,20,1,31,31,0,0,0,0,38.9,40.04,794.38,40.28,52871cd8-c451-4417-b658-135e85f7adb5,1
3558,STREAM_LIMIT,OPTIMISTIC,OPTIMISTIC,READ COMMITTED,NORMAL,32,1,1,20,1,31,31,0,0,0,0,37.81,38.38,829.89,38.56,52871cd8-c451-4417-b658-135e85f7adb5,2
3559,STREAM_LIMIT,OPTIMISTIC,OPTIMISTIC,READ COMMITTED,NORMAL,32,1,1,20,1,31,31,0,0,0,0,37.78,38.5,819.72,39.04,52871cd8-c451-4417-b658-135e85f7adb5,3
3560,STREAM_LIMIT,OPTIMISTIC,OPTIMISTIC,READ COMMITTED,NORMAL,32,1,1,20,1,31,31,0,0,0,0,37.85,40.74,766.35,41.76,52871cd8-c451-4417-b658-135e85f7adb5,4
3561,STREAM_LIMIT,OPTIMISTIC,OPTIMISTIC,READ COMMITTED,NORMAL,32,1,1,20,1,31,31,0,0,0,0,39.88,42.47,743.2,43.06,52871cd8-c451-4417-b658-135e85f7adb5,5
3562,STREAM_LIMIT,OPTIMISTIC,OPTIMISTIC,READ COMMITTED,NORMAL,32,1,1,20,1,31,31,0,0,0,0,36.62,37.38,852.18,37.55,52871cd8-c451-4417-b658-135e85f7adb5,6
3563,STREAM_LIMIT,OPTIMISTIC,OPTIMISTIC,READ COMMITTED,NORMAL,32,1,1,20,1,31,31,0,0,0,0,95.17,96.77,328.28,97.48,52871cd8-c451-4417-b658-135e85f7adb5,7
3564,STREAM_LIMIT,OPTIMISTIC,OPTIMISTIC,READ COMMITTED,NORMAL,32,1,1,20,1,31,31,0,0,0,0,39.58,40.66,783.06,40.87,52871cd8-c451-4417-b658-135e85f7adb5,8
3565,STREAM_LIMIT,OPTIMISTIC,OPTIMISTIC,READ COMMITTED,NORMAL,32,1,1,20,1,31,31,0,0,0,0,36.54,37.45,852.46,37.54,52871cd8-c451-4417-b658-135e85f7adb5,9
3566,STREAM_LIMIT,OPTIMISTIC,OPTIMISTIC,READ COMMITTED,NORMAL,32,1,1,20,1,31,31,0,0,0,0,38.27,39.1,812.01,39.41,52871cd8-c451-4417-b658-135e85f7adb5,10
3567,STREAM_LIMIT,OPTIMISTIC,OPTIMISTIC,READ COMMITTED,NORMAL,32,16,1,0,16,16,16,0,0,0,0,7.66,15.76,2016.08,15.87,52871cd8-c451-4417-b658-135e85f7adb5,1
3568,STREAM_LIMIT,OPTIMISTIC,OPTIMISTIC,READ COMMITTED,NORMAL,32,16,1,0,16,16,16,0,0,0,0,7.97,16.06,1928.19,16.6,52871cd8-c451-4417-b658-135e85f7adb5,2
3569,STREAM_LIMIT,OPTIMISTIC,OPTIMISTIC,READ COMMITTED,NORMAL,32,16,1,0,16,16,16,0,0,0,0,7.52,17.15,1851.54,17.28,52871cd8-c451-4417-b658-135e85f7adb5,3
3570,STREAM_LIMIT,OPTIMISTIC,OPTIMISTIC,READ COMMITTED,NORMAL,32,16,1,0,16,16,16,0,0,0,0,7.64,16.08,1944.77,16.45,52871cd8-c451-4417-b658-135e85f7adb5,4
3571,STREAM_LIMIT,OPTIMISTIC,OPTIMISTIC,READ COMMITTED,NORMAL,32,16,1,0,16,16,16,0,0,0,0,6.92,15.87,1941.5,16.48,52871cd8-c451-4417-b658-135e85f7adb5,5
3572,STREAM_LIMIT,OPTIMISTIC,OPTIMISTIC,READ COMMITTED,NORMAL,32,16,1,0,16,16,16,0,0,0,0,7.67,16.24,1941,16.49,52871cd8-c451-4417-b658-135e85f7adb5,6
3573,STREAM_LIMIT,OPTIMISTIC,OPTIMISTIC,READ COMMITTED,NORMAL,32,16,1,0,16,16,16,0,0,0,0,7.6,15.91,1984.67,16.12,52871cd8-c451-4417-b658-135e85f7adb5,7
3574,STREAM_LIMIT,OPTIMISTIC,OPTIMISTIC,READ COMMITTED,NORMAL,32,16,1,0,16,16,16,0,0,0,0,7.5,15.47,2037.64,15.7,52871cd8-c451-4417-b658-135e85f7adb5,8
3575,STREAM_LIMIT,OPTIMISTIC,OPTIMISTIC,READ COMMITTED,NORMAL,32,16,1,0,16,16,16,0,0,0,0,7.34,15.8,1992.05,16.06,52871cd8-c451-4417-b658-135e85f7adb5,9
3576,STREAM_LIMIT,OPTIMISTIC,OPTIMISTIC,READ COMMITTED,NORMAL,32,16,1,0,16,16,16,0,0,0,0,7.32,15.45,2053.03,15.59,52871cd8-c451-4417-b658-135e85f7adb5,10
3577,STREAM_LIMIT,OPTIMISTIC,OPTIMISTIC,READ COMMITTED,NORMAL,32,16,1,20,16,16,16,0,0,0,0,28.39,36.83,867.41,36.89,52871cd8-c451-4417-b658-135e85f7adb5,1
3578,STREAM_LIMIT,OPTIMISTIC,OPTIMISTIC,READ COMMITTED,NORMAL,32,16,1,20,16,16,16,0,0,0,0,29.35,38.12,833.89,38.37,52871cd8-c451-4417-b658-135e85f7adb5,2
3579,STREAM_LIMIT,OPTIMISTIC,OPTIMISTIC,READ COMMITTED,NORMAL,32,16,1,20,16,16,16,0,0,0,0,27.44,36.92,863.24,37.07,52871cd8-c451-4417-b658-135e85f7adb5,3
3580,STREAM_LIMIT,OPTIMISTIC,OPTIMISTIC,READ COMMITTED,NORMAL,32,16,1,20,16,16,16,0,0,0,0,29.02,37.13,856.76,37.35,52871cd8-c451-4417-b658-135e85f7adb5,4
3581,STREAM_LIMIT,OPTIMISTIC,OPTIMISTIC,READ COMMITTED,NORMAL,32,16,1,20,16,16,16,0,0,0,0,26.68,35.06,903.81,35.41,52871cd8-c451-4417-b658-135e85f7adb5,5
3582,STREAM_LIMIT,OPTIMISTIC,OPTIMISTIC,READ COMMITTED,NORMAL,32,16,1,20,16,16,16,0,0,0,0,28.68,36.83,862.14,37.12,52871cd8-c451-4417-b658-135e85f7adb5,6
3583,STREAM_LIMIT,OPTIMISTIC,OPTIMISTIC,READ COMMITTED,NORMAL,32,16,1,20,16,16,16,0,0,0,0,26.84,35.55,894.4,35.78,52871cd8-c451-4417-b658-135e85f7adb5,7
3584,STREAM_LIMIT,OPTIMISTIC,OPTIMISTIC,READ COMMITTED,NORMAL,32,16,1,20,16,16,16,0,0,0,0,26.25,34.6,917.84,34.86,52871cd8-c451-4417-b658-135e85f7adb5,8
3585,STREAM_LIMIT,OPTIMISTIC,OPTIMISTIC,READ COMMITTED,NORMAL,32,16,1,20,16,16,16,0,0,0,0,28.44,37.35,850.15,37.64,52871cd8-c451-4417-b658-135e85f7adb5,9
3586,STREAM_LIMIT,OPTIMISTIC,OPTIMISTIC,READ COMMITTED,NORMAL,32,16,1,20,16,16,16,0,0,0,0,28.62,38.55,826.31,38.73,52871cd8-c451-4417-b658-135e85f7adb5,10
3587,STREAM_LIMIT,OPTIMISTIC,OPTIMISTIC,READ COMMITTED,NORMAL,64,1,1,0,1,63,63,0,0,0,0,21.9,31.12,1916.61,33.39,52871cd8-c451-4417-b658-135e85f7adb5,1
3588,STREAM_LIMIT,OPTIMISTIC,OPTIMISTIC,READ COMMITTED,NORMAL,64,1,1,0,1,63,63,0,0,0,0,22.41,31.33,1867.25,34.27,52871cd8-c451-4417-b658-135e85f7adb5,2
3589,STREAM_LIMIT,OPTIMISTIC,OPTIMISTIC,READ COMMITTED,NORMAL,64,1,1,0,1,63,63,0,0,0,0,23.62,35.62,1755.04,36.47,52871cd8-c451-4417-b658-135e85f7adb5,3
3590,STREAM_LIMIT,OPTIMISTIC,OPTIMISTIC,READ COMMITTED,NORMAL,64,1,1,0,1,63,63,0,0,0,0,48.38,48.99,1300.43,49.21,52871cd8-c451-4417-b658-135e85f7adb5,4
3591,STREAM_LIMIT,OPTIMISTIC,OPTIMISTIC,READ COMMITTED,NORMAL,64,1,1,0,1,63,63,0,0,0,0,22.02,30.51,1968.3,32.52,52871cd8-c451-4417-b658-135e85f7adb5,5
3592,STREAM_LIMIT,OPTIMISTIC,OPTIMISTIC,READ COMMITTED,NORMAL,64,1,1,0,1,63,63,0,0,0,0,35.88,46.3,1354.98,47.23,52871cd8-c451-4417-b658-135e85f7adb5,6
3593,STREAM_LIMIT,OPTIMISTIC,OPTIMISTIC,READ COMMITTED,NORMAL,64,1,1,0,1,63,63,0,0,0,0,47.22,60.9,1019.41,62.78,52871cd8-c451-4417-b658-135e85f7adb5,7
3594,STREAM_LIMIT,OPTIMISTIC,OPTIMISTIC,READ COMMITTED,NORMAL,64,1,1,0,1,63,63,0,0,0,0,24.92,34.11,1800.02,35.56,52871cd8-c451-4417-b658-135e85f7adb5,8
3595,STREAM_LIMIT,OPTIMISTIC,OPTIMISTIC,READ COMMITTED,NORMAL,64,1,1,0,1,63,63,0,0,0,0,23.27,35.12,1735.42,36.88,52871cd8-c451-4417-b658-135e85f7adb5,9
3596,STREAM_LIMIT,OPTIMISTIC,OPTIMISTIC,READ COMMITTED,NORMAL,64,1,1,0,1,63,63,0,0,0,0,30.22,38.76,1599.81,40,52871cd8-c451-4417-b658-135e85f7adb5,10
3597,STREAM_LIMIT,OPTIMISTIC,OPTIMISTIC,READ COMMITTED,NORMAL,64,1,1,20,1,63,63,0,0,0,0,43.87,52.88,1187.82,53.88,52871cd8-c451-4417-b658-135e85f7adb5,1
3598,STREAM_LIMIT,OPTIMISTIC,OPTIMISTIC,READ COMMITTED,NORMAL,64,1,1,20,1,63,63,0,0,0,0,43.68,53.5,1184.59,54.03,52871cd8-c451-4417-b658-135e85f7adb5,2
3599,STREAM_LIMIT,OPTIMISTIC,OPTIMISTIC,READ COMMITTED,NORMAL,64,1,1,20,1,63,63,0,0,0,0,43.62,51.68,1171.21,54.64,52871cd8-c451-4417-b658-135e85f7adb5,3
3600,STREAM_LIMIT,OPTIMISTIC,OPTIMISTIC,READ COMMITTED,NORMAL,64,1,1,20,1,63,63,0,0,0,0,43.43,51.65,1229.47,52.06,52871cd8-c451-4417-b658-135e85f7adb5,4
3601,STREAM_LIMIT,OPTIMISTIC,OPTIMISTIC,READ COMMITTED,NORMAL,64,1,1,20,1,63,63,0,0,0,0,40.93,50.63,1245.71,51.38,52871cd8-c451-4417-b658-135e85f7adb5,5
3602,STREAM_LIMIT,OPTIMISTIC,OPTIMISTIC,READ COMMITTED,NORMAL,64,1,1,20,1,63,63,0,0,0,0,45.04,53.83,1168.85,54.75,52871cd8-c451-4417-b658-135e85f7adb5,6
3603,STREAM_LIMIT,OPTIMISTIC,OPTIMISTIC,READ COMMITTED,NORMAL,64,1,1,20,1,63,63,0,0,0,0,41.52,51.34,1228.42,52.1,52871cd8-c451-4417-b658-135e85f7adb5,7
3604,STREAM_LIMIT,OPTIMISTIC,OPTIMISTIC,READ COMMITTED,NORMAL,64,1,1,20,1,63,63,0,0,0,0,45.71,54.92,1151.04,55.6,52871cd8-c451-4417-b658-135e85f7adb5,8
3605,STREAM_LIMIT,OPTIMISTIC,OPTIMISTIC,READ COMMITTED,NORMAL,64,1,1,20,1,63,63,0,0,0,0,42.03,51.7,1207.38,53.01,52871cd8-c451-4417-b658-135e85f7adb5,9
3606,STREAM_LIMIT,OPTIMISTIC,OPTIMISTIC,READ COMMITTED,NORMAL,64,1,1,20,1,63,63,0,0,0,0,45.06,56.45,1113.46,57.48,52871cd8-c451-4417-b658-135e85f7adb5,10
3607,STREAM_LIMIT,OPTIMISTIC,OPTIMISTIC,READ COMMITTED,NORMAL,64,16,1,0,16,48,48,0,0,0,0,22.53,23.5,2687.14,23.82,52871cd8-c451-4417-b658-135e85f7adb5,1
3608,STREAM_LIMIT,OPTIMISTIC,OPTIMISTIC,READ COMMITTED,NORMAL,64,16,1,0,16,48,48,0,0,0,0,22.34,23.9,2636.57,24.27,52871cd8-c451-4417-b658-135e85f7adb5,2
3609,STREAM_LIMIT,OPTIMISTIC,OPTIMISTIC,READ COMMITTED,NORMAL,64,16,1,0,16,48,48,0,0,0,0,26.54,27.39,2298.68,27.84,52871cd8-c451-4417-b658-135e85f7adb5,3
3610,STREAM_LIMIT,OPTIMISTIC,OPTIMISTIC,READ COMMITTED,NORMAL,64,16,1,0,16,48,48,0,0,0,0,24,25.34,2475.58,25.85,52871cd8-c451-4417-b658-135e85f7adb5,4
3611,STREAM_LIMIT,OPTIMISTIC,OPTIMISTIC,READ COMMITTED,NORMAL,64,16,1,0,16,48,48,0,0,0,0,22.67,23.78,2644.69,24.2,52871cd8-c451-4417-b658-135e85f7adb5,5
3612,STREAM_LIMIT,OPTIMISTIC,OPTIMISTIC,READ COMMITTED,NORMAL,64,16,1,0,16,48,48,0,0,0,0,23.23,24.28,2598.62,24.63,52871cd8-c451-4417-b658-135e85f7adb5,6
3613,STREAM_LIMIT,OPTIMISTIC,OPTIMISTIC,READ COMMITTED,NORMAL,64,16,1,0,16,48,48,0,0,0,0,22.16,23.41,2701.92,23.69,52871cd8-c451-4417-b658-135e85f7adb5,7
3614,STREAM_LIMIT,OPTIMISTIC,OPTIMISTIC,READ COMMITTED,NORMAL,64,16,1,0,16,48,48,0,0,0,0,23.52,24.11,2600.9,24.61,52871cd8-c451-4417-b658-135e85f7adb5,8
3615,STREAM_LIMIT,OPTIMISTIC,OPTIMISTIC,READ COMMITTED,NORMAL,64,16,1,0,16,48,48,0,0,0,0,25.22,25.95,2443.14,26.2,52871cd8-c451-4417-b658-135e85f7adb5,9
3616,STREAM_LIMIT,OPTIMISTIC,OPTIMISTIC,READ COMMITTED,NORMAL,64,16,1,0,16,48,48,0,0,0,0,26.13,27.1,2341.06,27.34,52871cd8-c451-4417-b658-135e85f7adb5,10
3617,STREAM_LIMIT,OPTIMISTIC,OPTIMISTIC,READ COMMITTED,NORMAL,64,16,1,20,16,48,48,0,0,0,0,44.4,45.14,1401.87,45.65,52871cd8-c451-4417-b658-135e85f7adb5,1
3618,STREAM_LIMIT,OPTIMISTIC,OPTIMISTIC,READ COMMITTED,NORMAL,64,16,1,20,16,48,48,0,0,0,0,42.35,43.37,1463.44,43.73,52871cd8-c451-4417-b658-135e85f7adb5,2
3619,STREAM_LIMIT,OPTIMISTIC,OPTIMISTIC,READ COMMITTED,NORMAL,64,16,1,20,16,48,48,0,0,0,0,45.79,47.84,1333.02,48.01,52871cd8-c451-4417-b658-135e85f7adb5,3
3620,STREAM_LIMIT,OPTIMISTIC,OPTIMISTIC,READ COMMITTED,NORMAL,64,16,1,20,16,48,48,0,0,0,0,46.35,47.32,1343.87,47.62,52871cd8-c451-4417-b658-135e85f7adb5,4
3621,STREAM_LIMIT,OPTIMISTIC,OPTIMISTIC,READ COMMITTED,NORMAL,64,16,1,20,16,48,48,0,0,0,0,47.06,48.26,1310.56,48.83,52871cd8-c451-4417-b658-135e85f7adb5,5
3622,STREAM_LIMIT,OPTIMISTIC,OPTIMISTIC,READ COMMITTED,NORMAL,64,16,1,20,16,48,48,0,0,0,0,47.27,48.56,1309.43,48.88,52871cd8-c451-4417-b658-135e85f7adb5,6
3623,STREAM_LIMIT,OPTIMISTIC,OPTIMISTIC,READ COMMITTED,NORMAL,64,16,1,20,16,48,48,0,0,0,0,49.76,50.59,1258.58,50.85,52871cd8-c451-4417-b658-135e85f7adb5,7
3624,STREAM_LIMIT,OPTIMISTIC,OPTIMISTIC,READ COMMITTED,NORMAL,64,16,1,20,16,48,48,0,0,0,0,43.77,44.56,1422.5,44.99,52871cd8-c451-4417-b658-135e85f7adb5,8
3625,STREAM_LIMIT,OPTIMISTIC,OPTIMISTIC,READ COMMITTED,NORMAL,64,16,1,20,16,48,48,0,0,0,0,41.13,42.53,1494.49,42.82,52871cd8-c451-4417-b658-135e85f7adb5,9
3626,STREAM_LIMIT,OPTIMISTIC,OPTIMISTIC,READ COMMITTED,NORMAL,64,16,1,20,16,48,48,0,0,0,0,44.63,45.75,1387.99,46.11,52871cd8-c451-4417-b658-135e85f7adb5,10
3627,STREAM_LIMIT,CONSTRAINT,CONSTRAINT,READ COMMITTED,NORMAL,2,1,1,0,1,1,0,0,0,0,0,1.93,3.69,519.83,3.85,52871cd8-c451-4417-b658-135e85f7adb5,1
3628,STREAM_LIMIT,CONSTRAINT,CONSTRAINT,READ COMMITTED,NORMAL,2,1,1,0,1,1,0,0,0,0,0,1.7,3.49,569.96,3.51,52871cd8-c451-4417-b658-135e85f7adb5,2
3629,STREAM_LIMIT,CONSTRAINT,CONSTRAINT,READ COMMITTED,NORMAL,2,1,1,0,1,1,0,0,0,0,0,1.46,2.72,731.11,2.74,52871cd8-c451-4417-b658-135e85f7adb5,3
3630,STREAM_LIMIT,CONSTRAINT,CONSTRAINT,READ COMMITTED,NORMAL,2,1,1,0,1,1,0,0,0,0,0,1.7,2.95,678.58,2.95,52871cd8-c451-4417-b658-135e85f7adb5,4
3631,STREAM_LIMIT,CONSTRAINT,CONSTRAINT,READ COMMITTED,NORMAL,2,1,1,0,1,1,0,0,0,0,0,2.03,3.54,564.48,3.54,52871cd8-c451-4417-b658-135e85f7adb5,5
3632,STREAM_LIMIT,CONSTRAINT,CONSTRAINT,READ COMMITTED,NORMAL,2,1,1,0,1,1,0,0,0,0,0,1.45,2.77,722.59,2.77,52871cd8-c451-4417-b658-135e85f7adb5,6
3633,STREAM_LIMIT,CONSTRAINT,CONSTRAINT,READ COMMITTED,NORMAL,2,1,1,0,1,1,0,0,0,0,0,1.67,3.14,634.43,3.15,52871cd8-c451-4417-b658-135e85f7adb5,7
3634,STREAM_LIMIT,CONSTRAINT,CONSTRAINT,READ COMMITTED,NORMAL,2,1,1,0,1,1,0,0,0,0,0,1.58,2.9,690.21,2.9,52871cd8-c451-4417-b658-135e85f7adb5,8
3635,STREAM_LIMIT,CONSTRAINT,CONSTRAINT,READ COMMITTED,NORMAL,2,1,1,0,1,1,0,0,0,0,0,2.47,3.73,534.52,3.74,52871cd8-c451-4417-b658-135e85f7adb5,9
3636,STREAM_LIMIT,CONSTRAINT,CONSTRAINT,READ COMMITTED,NORMAL,2,1,1,0,1,1,0,0,0,0,0,1.5,2.73,729.87,2.74,52871cd8-c451-4417-b658-135e85f7adb5,10
3637,STREAM_LIMIT,CONSTRAINT,CONSTRAINT,READ COMMITTED,NORMAL,2,1,1,20,1,1,0,0,0,0,0,24.41,26.13,76.54,26.13,52871cd8-c451-4417-b658-135e85f7adb5,1
3638,STREAM_LIMIT,CONSTRAINT,CONSTRAINT,READ COMMITTED,NORMAL,2,1,1,20,1,1,0,0,0,0,0,22.65,24.87,80.36,24.89,52871cd8-c451-4417-b658-135e85f7adb5,2
3639,STREAM_LIMIT,CONSTRAINT,CONSTRAINT,READ COMMITTED,NORMAL,2,1,1,20,1,1,0,0,0,0,0,22.38,25.01,79.9,25.03,52871cd8-c451-4417-b658-135e85f7adb5,3
3640,STREAM_LIMIT,CONSTRAINT,CONSTRAINT,READ COMMITTED,NORMAL,2,1,1,20,1,1,0,0,0,0,0,24.79,26.9,74.22,26.95,52871cd8-c451-4417-b658-135e85f7adb5,4
3641,STREAM_LIMIT,CONSTRAINT,CONSTRAINT,READ COMMITTED,NORMAL,2,1,1,20,1,1,0,0,0,0,0,24.9,27.22,73.34,27.27,52871cd8-c451-4417-b658-135e85f7adb5,5
3642,STREAM_LIMIT,CONSTRAINT,CONSTRAINT,READ COMMITTED,NORMAL,2,1,1,20,1,1,0,0,0,0,0,24,26.54,75.23,26.59,52871cd8-c451-4417-b658-135e85f7adb5,6
3643,STREAM_LIMIT,CONSTRAINT,CONSTRAINT,READ COMMITTED,NORMAL,2,1,1,20,1,1,0,0,0,0,0,24.76,26.81,74.48,26.85,52871cd8-c451-4417-b658-135e85f7adb5,7
3644,STREAM_LIMIT,CONSTRAINT,CONSTRAINT,READ COMMITTED,NORMAL,2,1,1,20,1,1,0,0,0,0,0,24.99,27.37,72.93,27.43,52871cd8-c451-4417-b658-135e85f7adb5,8
3645,STREAM_LIMIT,CONSTRAINT,CONSTRAINT,READ COMMITTED,NORMAL,2,1,1,20,1,1,0,0,0,0,0,24.8,26.9,74.17,26.96,52871cd8-c451-4417-b658-135e85f7adb5,9
3646,STREAM_LIMIT,CONSTRAINT,CONSTRAINT,READ COMMITTED,NORMAL,2,1,1,20,1,1,0,0,0,0,0,24.76,27.35,72.98,27.41,52871cd8-c451-4417-b658-135e85f7adb5,10
3647,STREAM_LIMIT,CONSTRAINT,CONSTRAINT,READ COMMITTED,NORMAL,2,16,1,0,2,0,0,0,0,0,0,2.1,2.72,718.61,2.78,52871cd8-c451-4417-b658-135e85f7adb5,1
3648,STREAM_LIMIT,CONSTRAINT,CONSTRAINT,READ COMMITTED,NORMAL,2,16,1,0,2,0,0,0,0,0,0,2.1,2.26,869.25,2.3,52871cd8-c451-4417-b658-135e85f7adb5,2
3649,STREAM_LIMIT,CONSTRAINT,CONSTRAINT,READ COMMITTED,NORMAL,2,16,1,0,2,0,0,0,0,0,0,2.1,2.35,837.74,2.39,52871cd8-c451-4417-b658-135e85f7adb5,3
3650,STREAM_LIMIT,CONSTRAINT,CONSTRAINT,READ COMMITTED,NORMAL,2,16,1,0,2,0,0,0,0,0,0,1.83,2.15,910.49,2.2,52871cd8-c451-4417-b658-135e85f7adb5,4
3651,STREAM_LIMIT,CONSTRAINT,CONSTRAINT,READ COMMITTED,NORMAL,2,16,1,0,2,0,0,0,0,0,0,2.4,2.46,799.79,2.5,52871cd8-c451-4417-b658-135e85f7adb5,5
3652,STREAM_LIMIT,CONSTRAINT,CONSTRAINT,READ COMMITTED,NORMAL,2,16,1,0,2,0,0,0,0,0,0,3.97,4.64,430.29,4.65,52871cd8-c451-4417-b658-135e85f7adb5,6
3653,STREAM_LIMIT,CONSTRAINT,CONSTRAINT,READ COMMITTED,NORMAL,2,16,1,0,2,0,0,0,0,0,0,2.04,2.44,820.15,2.44,52871cd8-c451-4417-b658-135e85f7adb5,7
3654,STREAM_LIMIT,CONSTRAINT,CONSTRAINT,READ COMMITTED,NORMAL,2,16,1,0,2,0,0,0,0,0,0,2.46,2.67,732.88,2.73,52871cd8-c451-4417-b658-135e85f7adb5,8
3655,STREAM_LIMIT,CONSTRAINT,CONSTRAINT,READ COMMITTED,NORMAL,2,16,1,0,2,0,0,0,0,0,0,1.9,2.17,905.75,2.21,52871cd8-c451-4417-b658-135e85f7adb5,9
3656,STREAM_LIMIT,CONSTRAINT,CONSTRAINT,READ COMMITTED,NORMAL,2,16,1,0,2,0,0,0,0,0,0,2,2.36,833.64,2.4,52871cd8-c451-4417-b658-135e85f7adb5,10
3657,STREAM_LIMIT,CONSTRAINT,CONSTRAINT,READ COMMITTED,NORMAL,2,16,1,20,2,0,0,0,0,0,0,24.36,24.53,81.36,24.58,52871cd8-c451-4417-b658-135e85f7adb5,1
3658,STREAM_LIMIT,CONSTRAINT,CONSTRAINT,READ COMMITTED,NORMAL,2,16,1,20,2,0,0,0,0,0,0,23.59,23.86,83.63,23.91,52871cd8-c451-4417-b658-135e85f7adb5,2
3659,STREAM_LIMIT,CONSTRAINT,CONSTRAINT,READ COMMITTED,NORMAL,2,16,1,20,2,0,0,0,0,0,0,24.2,24.22,82.46,24.26,52871cd8-c451-4417-b658-135e85f7adb5,3
3660,STREAM_LIMIT,CONSTRAINT,CONSTRAINT,READ COMMITTED,NORMAL,2,16,1,20,2,0,0,0,0,0,0,24.75,24.81,80.46,24.86,52871cd8-c451-4417-b658-135e85f7adb5,4
3661,STREAM_LIMIT,CONSTRAINT,CONSTRAINT,READ COMMITTED,NORMAL,2,16,1,20,2,0,0,0,0,0,0,24.89,25.2,79.23,25.24,52871cd8-c451-4417-b658-135e85f7adb5,5
3662,STREAM_LIMIT,CONSTRAINT,CONSTRAINT,READ COMMITTED,NORMAL,2,16,1,20,2,0,0,0,0,0,0,24.91,25.28,78.96,25.33,52871cd8-c451-4417-b658-135e85f7adb5,6
3663,STREAM_LIMIT,CONSTRAINT,CONSTRAINT,READ COMMITTED,NORMAL,2,16,1,20,2,0,0,0,0,0,0,24.39,24.55,81.23,24.62,52871cd8-c451-4417-b658-135e85f7adb5,7
3664,STREAM_LIMIT,CONSTRAINT,CONSTRAINT,READ COMMITTED,NORMAL,2,16,1,20,2,0,0,0,0,0,0,24.86,25.1,79.53,25.15,52871cd8-c451-4417-b658-135e85f7adb5,8
3665,STREAM_LIMIT,CONSTRAINT,CONSTRAINT,READ COMMITTED,NORMAL,2,16,1,20,2,0,0,0,0,0,0,23.7,23.87,83.58,23.93,52871cd8-c451-4417-b658-135e85f7adb5,9
3666,STREAM_LIMIT,CONSTRAINT,CONSTRAINT,READ COMMITTED,NORMAL,2,16,1,20,2,0,0,0,0,0,0,25,25.31,78.89,25.35,52871cd8-c451-4417-b658-135e85f7adb5,10
3667,STREAM_LIMIT,CONSTRAINT,CONSTRAINT,READ COMMITTED,NORMAL,8,1,1,0,1,7,0,0,0,0,0,6.61,7.11,1112.03,7.19,52871cd8-c451-4417-b658-135e85f7adb5,1
3668,STREAM_LIMIT,CONSTRAINT,CONSTRAINT,READ COMMITTED,NORMAL,8,1,1,0,1,7,0,0,0,0,0,6.54,6.82,1144.38,6.99,52871cd8-c451-4417-b658-135e85f7adb5,2
3669,STREAM_LIMIT,CONSTRAINT,CONSTRAINT,READ COMMITTED,NORMAL,8,1,1,0,1,7,0,0,0,0,0,6.4,6.69,1174.48,6.81,52871cd8-c451-4417-b658-135e85f7adb5,3
3670,STREAM_LIMIT,CONSTRAINT,CONSTRAINT,READ COMMITTED,NORMAL,8,1,1,0,1,7,0,0,0,0,0,6.11,6.37,1226.2,6.52,52871cd8-c451-4417-b658-135e85f7adb5,4
3671,STREAM_LIMIT,CONSTRAINT,CONSTRAINT,READ COMMITTED,NORMAL,8,1,1,0,1,7,0,0,0,0,0,6.16,6.58,1185.17,6.75,52871cd8-c451-4417-b658-135e85f7adb5,5
3672,STREAM_LIMIT,CONSTRAINT,CONSTRAINT,READ COMMITTED,NORMAL,8,1,1,0,1,7,0,0,0,0,0,5.82,5.91,1337.23,5.98,52871cd8-c451-4417-b658-135e85f7adb5,6
3673,STREAM_LIMIT,CONSTRAINT,CONSTRAINT,READ COMMITTED,NORMAL,8,1,1,0,1,7,0,0,0,0,0,7.7,7.88,1005.94,7.95,52871cd8-c451-4417-b658-135e85f7adb5,7
3674,STREAM_LIMIT,CONSTRAINT,CONSTRAINT,READ COMMITTED,NORMAL,8,1,1,0,1,7,0,0,0,0,0,5.94,6.34,1231.86,6.49,52871cd8-c451-4417-b658-135e85f7adb5,8
3675,STREAM_LIMIT,CONSTRAINT,CONSTRAINT,READ COMMITTED,NORMAL,8,1,1,0,1,7,0,0,0,0,0,6.24,6.41,1243.91,6.43,52871cd8-c451-4417-b658-135e85f7adb5,9
3676,STREAM_LIMIT,CONSTRAINT,CONSTRAINT,READ COMMITTED,NORMAL,8,1,1,0,1,7,0,0,0,0,0,5.82,6.34,1250.1,6.4,52871cd8-c451-4417-b658-135e85f7adb5,10
3677,STREAM_LIMIT,CONSTRAINT,CONSTRAINT,READ COMMITTED,NORMAL,8,1,1,20,1,7,0,0,0,0,0,29.03,29.22,271.69,29.45,52871cd8-c451-4417-b658-135e85f7adb5,1
3678,STREAM_LIMIT,CONSTRAINT,CONSTRAINT,READ COMMITTED,NORMAL,8,1,1,20,1,7,0,0,0,0,0,27.91,28.24,282.56,28.31,52871cd8-c451-4417-b658-135e85f7adb5,2
3679,STREAM_LIMIT,CONSTRAINT,CONSTRAINT,READ COMMITTED,NORMAL,8,1,1,20,1,7,0,0,0,0,0,29.54,29.73,268.41,29.81,52871cd8-c451-4417-b658-135e85f7adb5,3
3680,STREAM_LIMIT,CONSTRAINT,CONSTRAINT,READ COMMITTED,NORMAL,8,1,1,20,1,7,0,0,0,0,0,27.77,28.22,283.19,28.25,52871cd8-c451-4417-b658-135e85f7adb5,4
3681,STREAM_LIMIT,CONSTRAINT,CONSTRAINT,READ COMMITTED,NORMAL,8,1,1,20,1,7,0,0,0,0,0,27.87,28.05,284.71,28.1,52871cd8-c451-4417-b658-135e85f7adb5,5
3682,STREAM_LIMIT,CONSTRAINT,CONSTRAINT,READ COMMITTED,NORMAL,8,1,1,20,1,7,0,0,0,0,0,27.8,28.14,282.86,28.28,52871cd8-c451-4417-b658-135e85f7adb5,6
3683,STREAM_LIMIT,CONSTRAINT,CONSTRAINT,READ COMMITTED,NORMAL,8,1,1,20,1,7,0,0,0,0,0,28.56,28.97,275.65,29.02,52871cd8-c451-4417-b658-135e85f7adb5,7
3684,STREAM_LIMIT,CONSTRAINT,CONSTRAINT,READ COMMITTED,NORMAL,8,1,1,20,1,7,0,0,0,0,0,29.12,29.52,270.05,29.62,52871cd8-c451-4417-b658-135e85f7adb5,8
3685,STREAM_LIMIT,CONSTRAINT,CONSTRAINT,READ COMMITTED,NORMAL,8,1,1,20,1,7,0,0,0,0,0,28.78,29.25,272.86,29.32,52871cd8-c451-4417-b658-135e85f7adb5,9
3686,STREAM_LIMIT,CONSTRAINT,CONSTRAINT,READ COMMITTED,NORMAL,8,1,1,20,1,7,0,0,0,0,0,27.83,28.05,283.94,28.18,52871cd8-c451-4417-b658-135e85f7adb5,10
3687,STREAM_LIMIT,CONSTRAINT,CONSTRAINT,READ COMMITTED,NORMAL,8,16,1,0,8,0,0,0,0,0,0,3.64,3.74,2100.31,3.81,52871cd8-c451-4417-b658-135e85f7adb5,1
3688,STREAM_LIMIT,CONSTRAINT,CONSTRAINT,READ COMMITTED,NORMAL,8,16,1,0,8,0,0,0,0,0,0,4.16,4.51,1759.5,4.55,52871cd8-c451-4417-b658-135e85f7adb5,2
3689,STREAM_LIMIT,CONSTRAINT,CONSTRAINT,READ COMMITTED,NORMAL,8,16,1,0,8,0,0,0,0,0,0,3.87,4.6,1682.48,4.75,52871cd8-c451-4417-b658-135e85f7adb5,3
3690,STREAM_LIMIT,CONSTRAINT,CONSTRAINT,READ COMMITTED,NORMAL,8,16,1,0,8,0,0,0,0,0,0,3.71,4.07,1956.01,4.09,52871cd8-c451-4417-b658-135e85f7adb5,4
3691,STREAM_LIMIT,CONSTRAINT,CONSTRAINT,READ COMMITTED,NORMAL,8,16,1,0,8,0,0,0,0,0,0,3.5,3.61,2177.96,3.67,52871cd8-c451-4417-b658-135e85f7adb5,5
3692,STREAM_LIMIT,CONSTRAINT,CONSTRAINT,READ COMMITTED,NORMAL,8,16,1,0,8,0,0,0,0,0,0,3.47,3.76,2067.81,3.87,52871cd8-c451-4417-b658-135e85f7adb5,6
3693,STREAM_LIMIT,CONSTRAINT,CONSTRAINT,READ COMMITTED,NORMAL,8,16,1,0,8,0,0,0,0,0,0,3.39,4.35,1810.24,4.42,52871cd8-c451-4417-b658-135e85f7adb5,7
3694,STREAM_LIMIT,CONSTRAINT,CONSTRAINT,READ COMMITTED,NORMAL,8,16,1,0,8,0,0,0,0,0,0,3.33,4.21,1874.67,4.27,52871cd8-c451-4417-b658-135e85f7adb5,8
3695,STREAM_LIMIT,CONSTRAINT,CONSTRAINT,READ COMMITTED,NORMAL,8,16,1,0,8,0,0,0,0,0,0,3.75,3.91,2020.07,3.96,52871cd8-c451-4417-b658-135e85f7adb5,9
3696,STREAM_LIMIT,CONSTRAINT,CONSTRAINT,READ COMMITTED,NORMAL,8,16,1,0,8,0,0,0,0,0,0,3.66,3.95,1951.18,4.1,52871cd8-c451-4417-b658-135e85f7adb5,10
3697,STREAM_LIMIT,CONSTRAINT,CONSTRAINT,READ COMMITTED,NORMAL,8,16,1,20,8,0,0,0,0,0,0,25.38,28.59,279.07,28.67,52871cd8-c451-4417-b658-135e85f7adb5,1
3698,STREAM_LIMIT,CONSTRAINT,CONSTRAINT,READ COMMITTED,NORMAL,8,16,1,20,8,0,0,0,0,0,0,23.31,23.79,336.18,23.8,52871cd8-c451-4417-b658-135e85f7adb5,2
3699,STREAM_LIMIT,CONSTRAINT,CONSTRAINT,READ COMMITTED,NORMAL,8,16,1,20,8,0,0,0,0,0,0,25.51,26.19,304.35,26.29,52871cd8-c451-4417-b658-135e85f7adb5,3
3700,STREAM_LIMIT,CONSTRAINT,CONSTRAINT,READ COMMITTED,NORMAL,8,16,1,20,8,0,0,0,0,0,0,24.85,25,317.96,25.16,52871cd8-c451-4417-b658-135e85f7adb5,4
3701,STREAM_LIMIT,CONSTRAINT,CONSTRAINT,READ COMMITTED,NORMAL,8,16,1,20,8,0,0,0,0,0,0,24.95,25.69,309.92,25.81,52871cd8-c451-4417-b658-135e85f7adb5,5
3702,STREAM_LIMIT,CONSTRAINT,CONSTRAINT,READ COMMITTED,NORMAL,8,16,1,20,8,0,0,0,0,0,0,25.56,25.66,310.99,25.72,52871cd8-c451-4417-b658-135e85f7adb5,6
3703,STREAM_LIMIT,CONSTRAINT,CONSTRAINT,READ COMMITTED,NORMAL,8,16,1,20,8,0,0,0,0,0,0,26.42,26.6,300.52,26.62,52871cd8-c451-4417-b658-135e85f7adb5,7
3704,STREAM_LIMIT,CONSTRAINT,CONSTRAINT,READ COMMITTED,NORMAL,8,16,1,20,8,0,0,0,0,0,0,25.56,27.58,289.62,27.62,52871cd8-c451-4417-b658-135e85f7adb5,8
3705,STREAM_LIMIT,CONSTRAINT,CONSTRAINT,READ COMMITTED,NORMAL,8,16,1,20,8,0,0,0,0,0,0,26.76,28.7,278.73,28.7,52871cd8-c451-4417-b658-135e85f7adb5,9
3706,STREAM_LIMIT,CONSTRAINT,CONSTRAINT,READ COMMITTED,NORMAL,8,16,1,20,8,0,0,0,0,0,0,28.09,28.22,282.48,28.32,52871cd8-c451-4417-b658-135e85f7adb5,10
3707,STREAM_LIMIT,CONSTRAINT,CONSTRAINT,READ COMMITTED,NORMAL,32,1,1,0,1,31,0,0,0,0,0,15.8,19.35,1580.88,20.24,52871cd8-c451-4417-b658-135e85f7adb5,1
3708,STREAM_LIMIT,CONSTRAINT,CONSTRAINT,READ COMMITTED,NORMAL,32,1,1,0,1,31,0,0,0,0,0,13.08,14.63,2023.85,15.81,52871cd8-c451-4417-b658-135e85f7adb5,2
3709,STREAM_LIMIT,CONSTRAINT,CONSTRAINT,READ COMMITTED,NORMAL,32,1,1,0,1,31,0,0,0,0,0,11.26,15.28,2053.47,15.58,52871cd8-c451-4417-b658-135e85f7adb5,3
3710,STREAM_LIMIT,CONSTRAINT,CONSTRAINT,READ COMMITTED,NORMAL,32,1,1,0,1,31,0,0,0,0,0,11.13,19.07,1637.6,19.54,52871cd8-c451-4417-b658-135e85f7adb5,4
3711,STREAM_LIMIT,CONSTRAINT,CONSTRAINT,READ COMMITTED,NORMAL,32,1,1,0,1,31,0,0,0,0,0,12.67,13.09,2420.02,13.22,52871cd8-c451-4417-b658-135e85f7adb5,5
3712,STREAM_LIMIT,CONSTRAINT,CONSTRAINT,READ COMMITTED,NORMAL,32,1,1,0,1,31,0,0,0,0,0,12.1,12.63,2501.75,12.79,52871cd8-c451-4417-b658-135e85f7adb5,6
3713,STREAM_LIMIT,CONSTRAINT,CONSTRAINT,READ COMMITTED,NORMAL,32,1,1,0,1,31,0,0,0,0,0,12.87,22.49,1400.91,22.84,52871cd8-c451-4417-b658-135e85f7adb5,7
3714,STREAM_LIMIT,CONSTRAINT,CONSTRAINT,READ COMMITTED,NORMAL,32,1,1,0,1,31,0,0,0,0,0,11.27,20.63,1510.84,21.18,52871cd8-c451-4417-b658-135e85f7adb5,8
3715,STREAM_LIMIT,CONSTRAINT,CONSTRAINT,READ COMMITTED,NORMAL,32,1,1,0,1,31,0,0,0,0,0,12.69,21.46,1470.51,21.76,52871cd8-c451-4417-b658-135e85f7adb5,9
3716,STREAM_LIMIT,CONSTRAINT,CONSTRAINT,READ COMMITTED,NORMAL,32,1,1,0,1,31,31,31,0,0,0,25.21,33.97,931.18,34.37,52871cd8-c451-4417-b658-135e85f7adb5,10
3717,STREAM_LIMIT,CONSTRAINT,CONSTRAINT,READ COMMITTED,NORMAL,32,1,1,20,1,31,0,0,0,0,0,189.83,549.13,55.4,577.57,52871cd8-c451-4417-b658-135e85f7adb5,1
3718,STREAM_LIMIT,CONSTRAINT,CONSTRAINT,READ COMMITTED,NORMAL,32,1,1,20,1,31,0,0,0,0,0,46.47,48.03,657.7,48.65,52871cd8-c451-4417-b658-135e85f7adb5,2
3719,STREAM_LIMIT,CONSTRAINT,CONSTRAINT,READ COMMITTED,NORMAL,32,1,1,20,1,31,0,0,0,0,0,39.93,40.47,786.44,40.69,52871cd8-c451-4417-b658-135e85f7adb5,3
3720,STREAM_LIMIT,CONSTRAINT,CONSTRAINT,READ COMMITTED,NORMAL,32,1,1,20,1,31,0,0,0,0,0,76.26,428.08,70.77,452.19,52871cd8-c451-4417-b658-135e85f7adb5,4
3721,STREAM_LIMIT,CONSTRAINT,CONSTRAINT,READ COMMITTED,NORMAL,32,1,1,20,1,31,0,0,0,0,0,45.15,45.99,686.86,46.59,52871cd8-c451-4417-b658-135e85f7adb5,5
3722,STREAM_LIMIT,CONSTRAINT,CONSTRAINT,READ COMMITTED,NORMAL,32,1,1,20,1,31,0,0,0,0,0,41.04,41.8,756.8,42.28,52871cd8-c451-4417-b658-135e85f7adb5,6
3723,STREAM_LIMIT,CONSTRAINT,CONSTRAINT,READ COMMITTED,NORMAL,32,1,1,20,1,31,0,0,0,0,0,38.61,39.78,799.67,40.02,52871cd8-c451-4417-b658-135e85f7adb5,7
3724,STREAM_LIMIT,CONSTRAINT,CONSTRAINT,READ COMMITTED,NORMAL,32,1,1,20,1,31,0,0,0,0,0,40.58,41.58,764.32,41.87,52871cd8-c451-4417-b658-135e85f7adb5,8
3725,STREAM_LIMIT,CONSTRAINT,CONSTRAINT,READ COMMITTED,NORMAL,32,1,1,20,1,31,0,0,0,0,0,36.77,37.65,844.54,37.89,52871cd8-c451-4417-b658-135e85f7adb5,9
3726,STREAM_LIMIT,CONSTRAINT,CONSTRAINT,READ COMMITTED,NORMAL,32,1,1,20,1,31,0,0,0,0,0,35.21,35.48,899.92,35.56,52871cd8-c451-4417-b658-135e85f7adb5,10
3727,STREAM_LIMIT,CONSTRAINT,CONSTRAINT,READ COMMITTED,NORMAL,32,16,1,0,16,16,0,0,0,0,0,7.89,11.92,2634.68,12.15,52871cd8-c451-4417-b658-135e85f7adb5,1
3728,STREAM_LIMIT,CONSTRAINT,CONSTRAINT,READ COMMITTED,NORMAL,32,16,1,0,16,16,0,0,0,0,0,10.11,23.78,1329.72,24.07,52871cd8-c451-4417-b658-135e85f7adb5,2
3729,STREAM_LIMIT,CONSTRAINT,CONSTRAINT,READ COMMITTED,NORMAL,32,16,1,0,16,16,0,0,0,0,0,9.76,14.65,2101.08,15.23,52871cd8-c451-4417-b658-135e85f7adb5,3
3730,STREAM_LIMIT,CONSTRAINT,CONSTRAINT,READ COMMITTED,NORMAL,32,16,1,0,16,16,4,4,0,0,0,11.07,17.82,1716.87,18.64,52871cd8-c451-4417-b658-135e85f7adb5,4
3731,STREAM_LIMIT,CONSTRAINT,CONSTRAINT,READ COMMITTED,NORMAL,32,16,1,0,16,16,4,4,0,0,0,12.06,19.14,1535.52,20.84,52871cd8-c451-4417-b658-135e85f7adb5,5
3732,STREAM_LIMIT,CONSTRAINT,CONSTRAINT,READ COMMITTED,NORMAL,32,16,1,0,16,16,6,6,0,0,0,12.04,16.73,1852.59,17.27,52871cd8-c451-4417-b658-135e85f7adb5,6
3733,STREAM_LIMIT,CONSTRAINT,CONSTRAINT,READ COMMITTED,NORMAL,32,16,1,0,16,16,5,5,0,0,0,11.44,15.93,1861.26,17.19,52871cd8-c451-4417-b658-135e85f7adb5,7
3734,STREAM_LIMIT,CONSTRAINT,CONSTRAINT,READ COMMITTED,NORMAL,32,16,1,0,16,16,4,4,0,0,0,14.68,20.34,1531.2,20.9,52871cd8-c451-4417-b658-135e85f7adb5,8
3735,STREAM_LIMIT,CONSTRAINT,CONSTRAINT,READ COMMITTED,NORMAL,32,16,1,0,16,16,9,9,0,0,0,11.65,18.42,1697.02,18.86,52871cd8-c451-4417-b658-135e85f7adb5,9
3736,STREAM_LIMIT,CONSTRAINT,CONSTRAINT,READ COMMITTED,NORMAL,32,16,1,0,16,16,2,2,0,0,0,9.17,19.91,1556.23,20.56,52871cd8-c451-4417-b658-135e85f7adb5,10
3737,STREAM_LIMIT,CONSTRAINT,CONSTRAINT,READ COMMITTED,NORMAL,32,16,1,20,16,16,0,0,0,0,0,33.22,36.1,871.74,36.71,52871cd8-c451-4417-b658-135e85f7adb5,1
3738,STREAM_LIMIT,CONSTRAINT,CONSTRAINT,READ COMMITTED,NORMAL,32,16,1,20,16,16,1,1,0,0,0,28.99,143.94,192.56,166.18,52871cd8-c451-4417-b658-135e85f7adb5,2
3739,STREAM_LIMIT,CONSTRAINT,CONSTRAINT,READ COMMITTED,NORMAL,32,16,1,20,16,16,6,6,0,0,0,37.36,65.66,473.42,67.59,52871cd8-c451-4417-b658-135e85f7adb5,3
3740,STREAM_LIMIT,CONSTRAINT,CONSTRAINT,READ COMMITTED,NORMAL,32,16,1,20,16,16,0,0,0,0,0,35.45,43.02,733.94,43.6,52871cd8-c451-4417-b658-135e85f7adb5,4
3741,STREAM_LIMIT,CONSTRAINT,CONSTRAINT,READ COMMITTED,NORMAL,32,16,1,20,16,16,7,7,0,0,0,37.09,61.87,498.35,64.21,52871cd8-c451-4417-b658-135e85f7adb5,5
3742,STREAM_LIMIT,CONSTRAINT,CONSTRAINT,READ COMMITTED,NORMAL,32,16,1,20,16,16,0,0,0,0,0,33.19,38.49,816.41,39.2,52871cd8-c451-4417-b658-135e85f7adb5,6
3743,STREAM_LIMIT,CONSTRAINT,CONSTRAINT,READ COMMITTED,NORMAL,32,16,1,20,16,16,6,6,0,0,0,34.87,61.13,506.36,63.2,52871cd8-c451-4417-b658-135e85f7adb5,7
3744,STREAM_LIMIT,CONSTRAINT,CONSTRAINT,READ COMMITTED,NORMAL,32,16,1,20,16,16,2,2,0,0,0,35.16,131.44,203.17,157.5,52871cd8-c451-4417-b658-135e85f7adb5,8
3745,STREAM_LIMIT,CONSTRAINT,CONSTRAINT,READ COMMITTED,NORMAL,32,16,1,20,16,16,0,0,0,0,0,34.52,41.39,756.01,42.33,52871cd8-c451-4417-b658-135e85f7adb5,9
3746,STREAM_LIMIT,CONSTRAINT,CONSTRAINT,READ COMMITTED,NORMAL,32,16,1,20,16,16,0,0,0,0,0,33.42,39.34,798.38,40.08,52871cd8-c451-4417-b658-135e85f7adb5,10
3747,STREAM_LIMIT,CONSTRAINT,CONSTRAINT,READ COMMITTED,NORMAL,64,1,1,0,1,63,0,0,0,0,0,39.15,43.29,1422.08,45,52871cd8-c451-4417-b658-135e85f7adb5,1
3748,STREAM_LIMIT,CONSTRAINT,CONSTRAINT,READ COMMITTED,NORMAL,64,1,1,0,1,63,0,0,0,0,0,21.28,21.93,2893.49,22.12,52871cd8-c451-4417-b658-135e85f7adb5,2
3749,STREAM_LIMIT,CONSTRAINT,CONSTRAINT,READ COMMITTED,NORMAL,64,1,1,0,1,63,0,0,0,0,0,19.48,23.2,2605.17,24.57,52871cd8-c451-4417-b658-135e85f7adb5,3
3750,STREAM_LIMIT,CONSTRAINT,CONSTRAINT,READ COMMITTED,NORMAL,64,1,1,0,1,63,0,0,0,0,0,25.38,43.69,1405.5,45.54,52871cd8-c451-4417-b658-135e85f7adb5,4
3751,STREAM_LIMIT,CONSTRAINT,CONSTRAINT,READ COMMITTED,NORMAL,64,1,1,0,1,63,0,0,0,0,0,23.97,42.86,1438.04,44.51,52871cd8-c451-4417-b658-135e85f7adb5,5
3752,STREAM_LIMIT,CONSTRAINT,CONSTRAINT,READ COMMITTED,NORMAL,64,1,1,0,1,63,0,0,0,0,0,18.04,34.15,1791.46,35.73,52871cd8-c451-4417-b658-135e85f7adb5,6
3753,STREAM_LIMIT,CONSTRAINT,CONSTRAINT,READ COMMITTED,NORMAL,64,1,1,0,1,63,0,0,0,0,0,16.8,32.32,1830.57,34.96,52871cd8-c451-4417-b658-135e85f7adb5,7
3754,STREAM_LIMIT,CONSTRAINT,CONSTRAINT,READ COMMITTED,NORMAL,64,1,1,0,1,63,0,0,0,0,0,24.8,44.47,1383.58,46.26,52871cd8-c451-4417-b658-135e85f7adb5,8
3755,STREAM_LIMIT,CONSTRAINT,CONSTRAINT,READ COMMITTED,NORMAL,64,1,1,0,1,63,0,0,0,0,0,17.92,40.43,1519.15,42.13,52871cd8-c451-4417-b658-135e85f7adb5,9
3756,STREAM_LIMIT,CONSTRAINT,CONSTRAINT,READ COMMITTED,NORMAL,64,1,1,0,1,63,0,0,0,0,0,33.76,34.92,1813.6,35.29,52871cd8-c451-4417-b658-135e85f7adb5,10
3757,STREAM_LIMIT,CONSTRAINT,CONSTRAINT,READ COMMITTED,NORMAL,64,1,1,20,1,63,0,0,0,0,0,42.18,42.88,1484.07,43.12,52871cd8-c451-4417-b658-135e85f7adb5,1
3758,STREAM_LIMIT,CONSTRAINT,CONSTRAINT,READ COMMITTED,NORMAL,64,1,1,20,1,63,0,0,0,0,0,85.21,795.03,73.3,873.09,52871cd8-c451-4417-b658-135e85f7adb5,2
3759,STREAM_LIMIT,CONSTRAINT,CONSTRAINT,READ COMMITTED,NORMAL,64,1,1,20,1,63,0,0,0,0,0,57.69,59.34,1067.53,59.95,52871cd8-c451-4417-b658-135e85f7adb5,3
3760,STREAM_LIMIT,CONSTRAINT,CONSTRAINT,READ COMMITTED,NORMAL,64,1,1,20,1,63,0,0,0,0,0,44.53,44.95,1409.95,45.39,52871cd8-c451-4417-b658-135e85f7adb5,4
3761,STREAM_LIMIT,CONSTRAINT,CONSTRAINT,READ COMMITTED,NORMAL,64,1,1,20,1,63,0,0,0,0,0,43.1,43.95,1448.26,44.19,52871cd8-c451-4417-b658-135e85f7adb5,5
3762,STREAM_LIMIT,CONSTRAINT,CONSTRAINT,READ COMMITTED,NORMAL,64,1,1,20,1,63,0,0,0,0,0,40.46,41.4,1526.92,41.91,52871cd8-c451-4417-b658-135e85f7adb5,6
3763,STREAM_LIMIT,CONSTRAINT,CONSTRAINT,READ COMMITTED,NORMAL,64,1,1,20,1,63,0,0,0,0,0,205.07,909.84,65.39,978.74,52871cd8-c451-4417-b658-135e85f7adb5,7
3764,STREAM_LIMIT,CONSTRAINT,CONSTRAINT,READ COMMITTED,NORMAL,64,1,1,20,1,63,0,0,0,0,0,54.42,55.72,1138.18,56.23,52871cd8-c451-4417-b658-135e85f7adb5,8
3765,STREAM_LIMIT,CONSTRAINT,CONSTRAINT,READ COMMITTED,NORMAL,64,1,1,20,1,63,0,0,0,0,0,73.39,776.53,75.38,849,52871cd8-c451-4417-b658-135e85f7adb5,9
3766,STREAM_LIMIT,CONSTRAINT,CONSTRAINT,READ COMMITTED,NORMAL,64,1,1,20,1,63,0,0,0,0,0,54.06,55.15,1150.15,55.65,52871cd8-c451-4417-b658-135e85f7adb5,10
3767,STREAM_LIMIT,CONSTRAINT,CONSTRAINT,READ COMMITTED,NORMAL,64,16,1,0,16,48,0,0,0,0,0,19.64,23.65,2610.69,24.51,52871cd8-c451-4417-b658-135e85f7adb5,1
3768,STREAM_LIMIT,CONSTRAINT,CONSTRAINT,READ COMMITTED,NORMAL,64,16,1,0,16,48,0,0,0,0,0,18.86,21.56,2904.06,22.04,52871cd8-c451-4417-b658-135e85f7adb5,2
3769,STREAM_LIMIT,CONSTRAINT,CONSTRAINT,READ COMMITTED,NORMAL,64,16,1,0,16,48,9,9,0,0,0,19.29,34.07,1793.22,35.69,52871cd8-c451-4417-b658-135e85f7adb5,3
3770,STREAM_LIMIT,CONSTRAINT,CONSTRAINT,READ COMMITTED,NORMAL,64,16,1,0,16,48,0,0,0,0,0,22.98,34.41,1763.42,36.29,52871cd8-c451-4417-b658-135e85f7adb5,4
3771,STREAM_LIMIT,CONSTRAINT,CONSTRAINT,READ COMMITTED,NORMAL,64,16,1,0,16,48,11,11,0,0,0,19.66,33.54,1854.28,34.51,52871cd8-c451-4417-b658-135e85f7adb5,5
3772,STREAM_LIMIT,CONSTRAINT,CONSTRAINT,READ COMMITTED,NORMAL,64,16,1,0,16,48,5,5,0,0,0,22.78,36.58,1719.87,37.21,52871cd8-c451-4417-b658-135e85f7adb5,6
3773,STREAM_LIMIT,CONSTRAINT,CONSTRAINT,READ COMMITTED,NORMAL,64,16,1,0,16,48,20,20,0,0,0,26.05,38.72,1584.14,40.4,52871cd8-c451-4417-b658-135e85f7adb5,7
3774,STREAM_LIMIT,CONSTRAINT,CONSTRAINT,READ COMMITTED,NORMAL,64,16,1,0,16,48,6,6,0,0,0,23.22,35.84,1755.58,36.46,52871cd8-c451-4417-b658-135e85f7adb5,8
3775,STREAM_LIMIT,CONSTRAINT,CONSTRAINT,READ COMMITTED,NORMAL,64,16,1,0,16,48,0,0,0,0,0,20.98,35.33,1728.48,37.03,52871cd8-c451-4417-b658-135e85f7adb5,9
3776,STREAM_LIMIT,CONSTRAINT,CONSTRAINT,READ COMMITTED,NORMAL,64,16,1,0,16,48,3,3,0,0,0,24.68,39.92,1552.26,41.23,52871cd8-c451-4417-b658-135e85f7adb5,10
3777,STREAM_LIMIT,CONSTRAINT,CONSTRAINT,READ COMMITTED,NORMAL,64,16,1,20,16,48,0,0,0,0,0,40.43,46.81,1339.68,47.77,52871cd8-c451-4417-b658-135e85f7adb5,1
3778,STREAM_LIMIT,CONSTRAINT,CONSTRAINT,READ COMMITTED,NORMAL,64,16,1,20,16,48,0,0,0,0,0,42.09,45.58,1367.5,46.8,52871cd8-c451-4417-b658-135e85f7adb5,2
3779,STREAM_LIMIT,CONSTRAINT,CONSTRAINT,READ COMMITTED,NORMAL,64,16,1,20,16,48,0,0,0,0,0,56.13,59.88,1051.48,60.87,52871cd8-c451-4417-b658-135e85f7adb5,3
3780,STREAM_LIMIT,CONSTRAINT,CONSTRAINT,READ COMMITTED,NORMAL,64,16,1,20,16,48,3,3,0,0,0,253.45,882.17,66.99,955.34,52871cd8-c451-4417-b658-135e85f7adb5,4
3781,STREAM_LIMIT,CONSTRAINT,CONSTRAINT,READ COMMITTED,NORMAL,64,16,1,20,16,48,0,0,0,0,0,50.88,54.13,1138.93,56.19,52871cd8-c451-4417-b658-135e85f7adb5,5
3782,STREAM_LIMIT,CONSTRAINT,CONSTRAINT,READ COMMITTED,NORMAL,64,16,1,20,16,48,9,9,0,0,0,39.38,162.98,273.52,233.99,52871cd8-c451-4417-b658-135e85f7adb5,6
3783,STREAM_LIMIT,CONSTRAINT,CONSTRAINT,READ COMMITTED,NORMAL,64,16,1,20,16,48,0,0,0,0,0,52.89,54.14,1164.67,54.95,52871cd8-c451-4417-b658-135e85f7adb5,7
3784,STREAM_LIMIT,CONSTRAINT,CONSTRAINT,READ COMMITTED,NORMAL,64,16,1,20,16,48,24,24,0,0,0,40.85,84.49,598.44,106.94,52871cd8-c451-4417-b658-135e85f7adb5,8
3785,STREAM_LIMIT,CONSTRAINT,CONSTRAINT,READ COMMITTED,NORMAL,64,16,1,20,16,48,3,3,0,0,0,532.85,1242.26,48.77,1312.22,52871cd8-c451-4417-b658-135e85f7adb5,9
3786,STREAM_LIMIT,CONSTRAINT,CONSTRAINT,READ COMMITTED,NORMAL,64,16,1,20,16,48,26,26,0,0,0,68.79,187.44,301.54,212.25,52871cd8-c451-4417-b658-135e85f7adb5,10